sample,t,state,true,euler,rk4,solve_ivp
0,0,dx,0.18615016,0.18615016,0.18615016,0.18615016
0,0,dy,0.03166038,0.03166038,0.03166038,0.03166038
0,0,psi,-3.0148304,-3.0148304,-3.0148304,-3.0148304
0,0,delta,-0.08232925,-0.08232925,-0.08232925,-0.08232925
0,0,v,-2.6207607,-2.6207607,-2.6207607,-2.6207607
0,0,beta,-2.4361134,-2.4361134,-2.4361134,-2.4361134
0,0,omega,0.00024010913,0.00024010913,0.00024010913,0.00024010913
0,1,dx,0.18520015,0.15674435,0.16423382,0.16748463
0,1,dy,0.031507872,-0.00063797086,0.042518605,0.045948975
0,1,psi,-3.0139296,-3.0148263,-3.0243266,-3.0246716
0,1,delta,-0.073158145,-0.10055763,-0.084401,-0.098716825
0,1,v,-2.388197,-2.6451066,-2.636115,-2.644082
0,1,beta,0.101773866,-4.6773033,-6.0946646,-6.10129
0,1,omega,0.0028269244,-0.7869914,-1.3611118,-1.4303468
0,2,dx,0.18366633,0.14964019,0.14086556,0.17282234
0,2,dy,0.031320244,0.042870976,0.042869266,0.03636134
0,2,psi,-3.0141537,-3.027943,-3.0709457,-3.074749
0,2,delta,-0.08652677,-0.08647274,-0.08765823,-0.084697545
0,2,v,-2.2094944,-2.6514695,-2.6522605,-2.6504848
0,2,beta,0.005555996,-8.95429,-15.244082,-15.262045
0,2,omega,-0.00040351352,-2.4887025,-4.7867403,-5.1256003
0,3,dx,0.18158661,0.11277645,0.13921031,0.17239541
0,3,dy,0.031066675,0.018500427,0.03300689,0.041647058
0,3,psi,-3.014468,-3.0694213,3.0704072,3.0569618
0,3,delta,-0.10472526,-0.1070721,-0.11197369,-0.10502029
0,3,v,-2.0340872,-2.6773973,-2.6631825,-2.6759684
0,3,beta,-0.02169801,-17.15517,-37.940296,-38.03066
0,3,omega,-0.000662332,-5.649973,-13.688839,-14.51018
0,4,dx,0.1789612,0.10409668,0.16160026,0.17370361
0,4,dy,0.030751854,0.062271416,0.028806755,0.040359072
0,4,psi,-3.0149565,3.1195977,2.6816719,2.6453135
0,4,delta,-0.09264761,-0.13510367,-0.11671074,-0.13317981
0,4,v,-1.8585649,-2.6733136,-2.650206,-2.6719394
0,4,beta,-0.027720243,-32.726128,-94.53036,-94.44785
0,4,omega,-0.0011628513,-11.921936,-36.65071,-38.622192
0,5,dx,0.17579527,0.11462702,0.16734472,0.17814864
0,5,dy,0.030372724,0.018978458,0.0013925713,0.036575977
0,5,psi,-3.0155041,2.9208987,1.6599052,1.5668274
0,5,delta,-0.09605342,-0.11654619,-0.11006626,-0.11553647
0,5,v,-1.6858286,-2.6514444,-2.6389854,-2.6505556
0,5,beta,-0.021157892,-62.488434,-236.83273,-235.62509
0,5,omega,-0.0013326581,-24.304464,-95.41955,-100.32085
0,6,dx,0.17209539,0.15848538,0.13905635,0.17740667
0,6,dy,0.029938266,0.024388164,-0.002055023,0.03776487
0,6,psi,-3.0163445,2.5158246,-0.9821758,-1.2183434
0,6,delta,-0.1112875,-0.12181471,-0.124435484,-0.120959
0,6,v,-1.5109166,-2.6508722,-2.650393,-2.6501772
0,6,beta,-0.0331205,-119.82924,-593.3788,-590.0828
0,6,omega,-0.002173476,-48.214745,-245.63815,-258.25775
0,7,dx,0.16787249,0.17952372,0.12993613,0.17567112
0,7,dy,0.029452357,-0.014462408,0.019721717,0.049903248
0,7,psi,-3.0174546,1.7122452,-1.462498,-2.0737965
0,7,delta,-0.104739614,-0.14528464,-0.13114633,-0.14442714
0,7,v,-1.3451465,-2.6742597,-2.6551416,-2.6735647
0,7,beta,-0.040558428,-229.83139,-1479.8474,-1471.6805
0,7,omega,-0.0029478772,-94.61107,-626.8641,-659.41077
0,8,dx,0.16313995,0.19496071,0.13333797,0.16923894
0,8,dy,0.028913163,0.027349953,-0.0012375545,0.053369936
0,8,psi,-3.018657,0.13539386,0.13776278,-1.3935895
0,8,delta,-0.12035176,-0.13523638,-0.13814805,-0.13437673
0,8,v,-1.1786593,-2.6603694,-2.6551101,-2.6596792
0,8,beta,-0.038454026,-438.96082,-3694.0132,-3663.8828
0,8,omega,-0.0032128578,-183.98102,-1598.2372,-1677.8058
0,9,dx,0.15794891,0.17091312,0.13571517,0.17492118
0,9,dy,0.028326806,-0.009901941,-0.004874382,0.06187127
0,9,psi,-3.0199428,-2.9309566,0.20573401,2.627887
0,9,delta,-0.12086152,-0.15928808,-0.15057993,-0.15825175
0,9,v,-1.0278609,-2.6741967,-2.6526132,-2.6733313
0,9,beta,-0.038639106,-840.4945,-9208.092,-9120.71
0,9,omega,-0.0034525045,-357.25415,-4066.6035,-4265.88
1,0,dx,0.18520015,0.18520015,0.18520015,0.18520015
1,0,dy,0.031507872,0.031507872,0.031507872,0.031507872
1,0,psi,-3.0139296,-3.0139296,-3.0139296,-3.0139296
1,0,delta,-0.073158145,-0.073158145,-0.073158145,-0.073158145
1,0,v,-2.388197,-2.388197,-2.388197,-2.388197
1,0,beta,0.101773866,0.101773866,0.101773866,0.101773866
1,0,omega,0.0028269244,0.0028269244,0.0028269244,0.0028269244
1,1,dx,0.18366633,0.22396037,0.22283818,0.22279204
1,1,dy,0.031320244,0.040560305,0.04442639,0.04445091
1,1,psi,-3.0141537,-3.0138824,-3.0219812,-3.0218608
1,1,delta,-0.08652677,-0.059073254,-0.076415375,-0.059334736
1,1,v,-2.2094944,-2.3945599,-2.4043424,-2.3947074
1,1,beta,0.005555996,0.2438049,0.35662094,0.3551829
1,1,omega,-0.00040351352,-0.6939688,-1.1857307,-1.1243072
1,2,dx,0.18158661,0.26114702,0.25101164,0.2511034
1,2,dy,0.031066675,0.055048496,0.07167874,0.071735464
1,2,psi,-3.014468,-3.0254486,-3.0658019,-3.0621023
1,2,delta,-0.10472526,-0.07967261,-0.10073084,-0.078481
1,2,v,-2.0340872,-2.4204876,-2.4152644,-2.4193718
1,2,beta,-0.02169801,0.5353265,1.1236728,1.1049197
1,2,omega,-0.000662332,-1.9797008,-4.7365413,-4.2636175
1,3,dx,0.1789612,0.29322627,0.23699377,0.23598589
1,3,dy,0.030751854,0.0795098,0.10068606,0.10192614
1,3,psi,-3.0149565,-3.0584435,3.0680416,3.086924
1,3,delta,-0.09264761,-0.107704185,-0.105467886,-0.105002336
1,3,v,-1.8585649,-2.416404,-2.402288,-2.4157987
1,3,beta,-0.027720243,1.1510912,3.4217753,3.3369546
1,3,omega,-0.0011628513,-4.775715,-15.010733,-13.4268055
1,4,dx,0.17579527,0.3065261,0.2429942,0.23539758
1,4,dy,0.030372724,0.117523775,0.08157685,0.09364372
1,4,psi,-3.0155041,-3.1380389,2.619878,2.6834064
1,4,delta,-0.09605342,-0.0891467,-0.098823406,-0.08883428
1,4,v,-1.6858286,-2.3945348,-2.3910673,-2.3959925
1,4,beta,-0.021157892,2.453629,10.281151,9.9798
1,4,omega,-0.0013326581,-10.720791,-43.90005,-39.40037
1,5,dx,0.17209539,0.27560496,0.2311267,0.23600657
1,5,dy,0.029938266,0.14275482,0.07141426,0.09068667
1,5,psi,-3.0163445,2.9664667,1.3304131,1.5192695
1,5,delta,-0.1112875,-0.094415225,-0.11319263,-0.09461436
1,5,v,-1.5109166,-2.3939626,-2.4024749,-2.3960028
1,5,beta,-0.0331205,5.1909866,30.62906,29.713877
1,5,omega,-0.002173476,-22.707495,-125.198746,-112.77827
1,6,dx,0.16787249,0.2875283,0.22483715,0.23402965
1,6,dy,0.029452357,0.10467866,0.07429399,0.0831944
1,6,psi,-3.0174546,2.5880082,-2.314085,-1.7875735
1,6,delta,-0.104739614,-0.11788515,-0.11990347,-0.11801757
1,6,v,-1.3451465,-2.41735,-2.4072235,-2.419307
1,6,beta,-0.040558428,10.935724,90.30242,87.64253
1,6,omega,-0.0029478772,-47.198975,-352.1719,-318.56522
1,7,dx,0.16313995,0.26433468,0.22530179,0.235574
1,7,dy,0.028913163,0.07173519,0.054024596,0.07959783
1,7,psi,-3.018657,1.8013585,0.016925097,1.4818202
1,7,delta,-0.12035176,-0.1078369,-0.12690519,-0.1077174
1,7,v,-1.1786593,-2.4034598,-2.407192,-2.4052918
1,7,beta,-0.038454026,22.876911,265.55145,257.1013
1,7,omega,-0.0032128578,-96.8822,-988.29333,-894.8987
1,8,dx,0.15794891,0.22834313,0.2239322,0.23075739
1,8,dy,0.028326806,0.08931998,0.044950463,0.09267055
1,8,psi,-3.0199428,0.18665504,2.7673156,0.49188182
1,8,delta,-0.12086152,-0.1318886,-0.13933706,-0.13142331
1,8,v,-1.0278609,-2.417287,-2.404695,-2.4188566
1,8,beta,-0.038639106,47.890327,777.3336,752.3876
1,8,omega,-0.0034525045,-198.15665,-2765.7607,-2511.3184
1,9,dx,0.15240547,0.25167665,0.22108611,0.23876245
1,9,dy,0.027704313,0.122163236,0.04226517,0.088373914
1,9,psi,-3.0211701,-3.1159558,-2.219548,2.6486354
1,9,delta,-0.120972306,-0.13270065,-0.13984215,-0.13242356
1,9,v,-0.91510886,-2.3984656,-2.39617,-2.4004045
1,9,beta,-0.03741384,99.8478,2278.7395,2198.6306
1,9,omega,-0.003284752,-403.27594,-7768.4985,-7050.731
2,0,dx,0.18366633,0.18366633,0.18366633,0.18366633
2,0,dy,0.031320244,0.031320244,0.031320244,0.031320244
2,0,psi,-3.0141537,-3.0141537,-3.0141537,-3.0141537
2,0,delta,-0.08652677,-0.08652677,-0.08652677,-0.08652677
2,0,v,-2.2094944,-2.2094944,-2.2094944,-2.2094944
2,0,beta,0.005555996,0.005555996,0.005555996,0.005555996
2,0,omega,-0.00040351352,-0.00040351352,-0.00040351352,-0.00040351352
2,1,dx,0.18158661,0.22016606,0.22003065,0.2201086
2,1,dy,0.031066675,0.036203347,0.037786525,0.03784231
2,1,psi,-3.014468,-3.0141604,-3.025112,-3.025289
2,1,delta,-0.10472526,-0.107126124,-0.11084223,-0.107800156
2,1,v,-2.0340872,-2.2354221,-2.2204163,-2.2327003
2,1,beta,-0.02169801,0.05975138,0.12777953,0.12831709
2,1,omega,-0.000662332,-0.8284647,-1.6752446,-1.6726177
2,2,dx,0.1789612,0.2567723,0.25370398,0.25399777
2,2,dy,0.030751854,0.043136597,0.052169565,0.05249916
2,2,psi,-3.0149565,-3.0279682,-3.089891,-3.0904152
2,2,delta,-0.09264761,-0.1351577,-0.11557928,-0.13198322
2,2,v,-1.8585649,-2.2313385,-2.20744,-2.226902
2,2,beta,-0.027720243,0.19787735,0.60351694,0.60859287
2,2,omega,-0.0011628513,-2.7747395,-7.1617975,-7.1958985
2,3,dx,0.17579527,0.29217154,0.26520866,0.26445684
2,3,dy,0.030372724,0.05453459,0.082995385,0.08427677
2,3,psi,-3.0155041,-3.0742137,2.9607632,2.9560857
2,3,delta,-0.09605342,-0.11660022,-0.1089348,-0.11507092
2,3,v,-1.6858286,-2.2094693,-2.1962192,-2.2064462
2,3,beta,-0.021157892,0.5358902,2.3170793,2.356831
2,3,omega,-0.0013326581,-7.1599464,-23.993362,-24.328703
2,4,dx,0.17209539,0.32249597,0.24737364,0.25681967
2,4,dy,0.029938266,0.07542651,0.07892304,0.080260515
2,4,psi,-3.0163445,3.089639,2.21199,2.1912224
2,4,delta,-0.1112875,-0.121868744,-0.123304024,-0.120550595
2,4,v,-1.5109166,-2.208897,-2.2076268,-2.2061682
2,4,beta,-0.0331205,1.314771,8.352337,8.546332
2,4,omega,-0.002173476,-16.33397,-75.84235,-77.18433
2,5,dx,0.16787249,0.3336558,0.25407782,0.2543133
2,5,dy,0.029452357,0.11050925,0.09243453,0.080449566
2,5,psi,-3.0174546,2.817406,-0.118202925,-0.1998918
2,5,delta,-0.104739614,-0.14533867,-0.13001487,-0.14291415
2,5,v,-1.3451465,-2.2322845,-2.2123754,-2.2283094
2,5,beta,-0.040558428,3.1144257,29.06211,29.896582
2,5,omega,-0.0029478772,-35.88883,-234.18518,-239.17007
2,6,dx,0.16313995,0.298724,0.24538225,0.25412825
2,6,dy,0.028913163,0.12331398,0.1003586,0.093253165
2,6,psi,-3.018657,2.2192585,-1.0055077,-1.2762369
2,6,delta,-0.12035176,-0.13529041,-0.1370166,-0.13314073
2,6,v,-1.1786593,-2.2183943,-2.212344,-2.2145905
2,6,beta,-0.038454026,7.2140756,99.42113,102.46541
2,6,omega,-0.0032128578,-77.26024,-719.4728,-735.1463
2,7,dx,0.15794891,0.3356959,0.26282263,0.24277586
2,7,dy,0.028326806,0.12363033,0.11486569,0.10222913
2,7,psi,-3.0199428,0.93158793,2.1595395,1.2455513
2,7,delta,-0.12086152,-0.15934211,-0.14944847,-0.15716971
2,7,v,-1.0278609,-2.2322216,-2.209847,-2.2283683
2,7,beta,-0.038639106,16.551903,335.12042,346.45966
2,7,omega,-0.0034525045,-165.16348,-2201.9053,-2254.3523
2,8,dx,0.15240547,0.32813227,0.28132057,0.24799693
2,8,dy,0.027704313,0.16005707,0.10507867,0.10704613
2,8,psi,-3.0211701,-1.821137,-2.395744,1.0975105
2,8,delta,-0.120972306,-0.16015416,-0.14995356,-0.15801987
2,8,v,-0.91510886,-2.2134001,-2.2013218,-2.2099211
2,8,beta,-0.03741384,37.577427,1123.5599,1160.8029
2,8,omega,-0.003284752,-350.69006,-6766.88,-6916.8374
2,9,dx,0.14660527,0.3415419,0.2933073,0.24200693
2,9,dy,0.027062016,0.19442354,0.09467296,0.11884498
2,9,psi,-3.0225306,-1.382786,-2.1751492,1.5478543
2,9,delta,-0.13626193,-0.16035229,-0.16183032,-0.15834807
2,9,v,-0.83400303,-2.2151713,-2.2148476,-2.211851
2,9,beta,-0.038145263,85.147675,3731.8203,3872.343
2,9,omega,-0.0036668172,-746.23486,-20767.082,-21304.766
3,0,dx,0.18158661,0.18158661,0.18158661,0.18158661
3,0,dy,0.031066675,0.031066675,0.031066675,0.031066675
3,0,psi,-3.014468,-3.014468,-3.014468,-3.014468
3,0,delta,-0.10472526,-0.10472526,-0.10472526,-0.10472526
3,0,v,-2.0340872,-2.0340872,-2.0340872,-2.0340872
3,0,beta,-0.02169801,-0.02169801,-0.02169801,-0.02169801
3,0,omega,-0.000662332,-0.000662332,-0.000662332,-0.000662332
3,1,dx,0.1789612,0.21529984,0.2150765,0.21510985
3,1,dy,0.030751854,0.034634177,0.035681147,0.035779763
3,1,psi,-3.0149565,-3.014479,-3.0279531,-3.028647
3,1,delta,-0.09264761,-0.13275683,-0.109462306,-0.12560414
3,1,v,-1.8585649,-2.0300035,-2.0211108,-2.027273
3,1,beta,-0.027720243,0.01528538,0.07547392,0.08405361
3,1,omega,-0.0011628513,-1.0031431,-2.0554278,-2.1734083
3,2,dx,0.17579527,0.24879079,0.24673505,0.24648729
3,2,dy,0.030372724,0.03943576,0.046177167,0.047165718
3,2,psi,-3.0155041,-3.031198,-3.1076684,-3.115116
3,2,delta,-0.09605342,-0.11419935,-0.102817826,-0.1070251
3,2,v,-1.6858286,-2.0081344,-2.00989,-2.0056665
3,2,beta,-0.021157892,0.13066459,0.5073176,0.56979424
3,2,omega,-0.0013326581,-3.5018191,-8.961319,-9.690613
3,3,dx,0.17209539,0.28129196,0.26048282,0.25573847
3,3,dy,0.029938266,0.047425836,0.07267337,0.0755154
3,3,psi,-3.0163445,-3.0895617,2.8711126,2.8347008
3,3,delta,-0.1112875,-0.11946787,-0.11718705,-0.112136625
3,3,v,-1.5109166,-2.0075622,-2.0212977,-2.0051038
3,3,beta,-0.0331205,0.41834152,2.3356383,2.6377544
3,3,omega,-0.002173476,-8.930693,-32.537746,-35.524807
3,4,dx,0.16787249,0.31111762,0.24204822,0.24778084
3,4,dy,0.029452357,0.062590234,0.06679516,0.073355384
3,4,psi,-3.0174546,3.044779,1.8033364,1.650806
3,4,delta,-0.104739614,-0.1429378,-0.12389789,-0.13538301
3,4,v,-1.3451465,-2.0309496,-2.0260463,-2.028202
3,4,beta,-0.040558428,1.1512182,9.703878,11.079015
3,4,omega,-0.0029478772,-21.136124,-112.3277,-124.189575
3,5,dx,0.16313995,0.3278305,0.24278322,0.24915014
3,5,dy,0.028913163,0.09202568,0.080251835,0.06978763
3,5,psi,-3.018657,2.6925104,-1.8505676,-2.4370759
3,5,delta,-0.12035176,-0.13288954,-0.13089961,-0.12609638
3,5,v,-1.1786593,-2.0170593,-2.0260148,-2.0151575
3,5,beta,-0.038454026,2.979959,38.62252,44.46062
3,5,omega,-0.0032128578,-48.38382,-382.87213,-427.2951
3,6,dx,0.15794891,0.30028966,0.23669152,0.2386545
3,6,dy,0.028326806,0.11130387,0.0857352,0.05621176
3,6,psi,-3.0199428,1.8861134,-1.682493,2.3665974
3,6,delta,-0.12086152,-0.15694124,-0.14333148,-0.14958657
3,6,v,-1.0278609,-2.0308867,-2.0235178,-2.028512
3,6,beta,-0.038639106,7.4904146,149.43727,173.91153
3,6,omega,-0.0034525045,-109.30734,-1296.9655,-1464.5828
3,7,dx,0.15240547,0.33409837,0.22902775,0.24207936
3,7,dy,0.027704313,0.10967133,0.09548743,0.06288513
3,7,psi,-3.0211701,0.06432414,0.19767356,-1.7216319
3,7,delta,-0.120972306,-0.15775329,-0.14383657,-0.15045099
3,7,v,-0.91510886,-2.0120652,-2.0149927,-2.0098858
3,7,beta,-0.03741384,18.452394,570.89185,669.0483
3,7,omega,-0.003284752,-244.65605,-4413.005,-5021.6
3,8,dx,0.14660527,0.30240434,0.22707947,0.24107116
3,8,dy,0.027062016,0.12062792,0.085746795,0.0610019
3,8,psi,-3.0225306,2.2699082,1.4426115,2.4729269
3,8,delta,-0.13626193,-0.15795141,-0.15571333,-0.15060382
3,8,v,-0.83400303,-2.0138364,-2.0285184,-2.0116174
3,8,beta,-0.038145263,45.117706,2148.0005,2551.5
3,8,omega,-0.0036668172,-548.55035,-14989.082,-17299.32
3,9,dx,0.1406128,0.33480784,0.23057486,0.2473223
3,9,dy,0.026422985,0.12937734,0.1051262,0.057945006
3,9,psi,-3.0243738,-0.58941317,1.848748,0.12909551
3,9,delta,-0.119482,-0.18150683,-0.15459435,-0.17384677
3,9,v,-0.7722698,-2.0391166,-2.0487125,-2.0366535
3,9,beta,-0.046383128,109.30186,7903.6055,9548.056
3,9,omega,-0.005053345,-1227.4519,-50323.07,-59109.26
4,0,dx,0.1789612,0.1789612,0.1789612,0.1789612
4,0,dy,0.030751854,0.030751854,0.030751854,0.030751854
4,0,psi,-3.0149565,-3.0149565,-3.0149565,-3.0149565
4,0,delta,-0.09264761,-0.09264761,-0.09264761,-0.09264761
4,0,v,-1.8585649,-1.8585649,-1.8585649,-1.8585649
4,0,beta,-0.027720243,-0.027720243,-0.027720243,-0.027720243
4,0,omega,-0.0011628513,-0.0011628513,-0.0011628513,-0.0011628513
4,1,dx,0.17579527,0.20978586,0.2095989,0.20953806
4,1,dy,0.030372724,0.033810887,0.03435888,0.03436071
4,1,psi,-3.0155041,-3.0149758,-3.026301,-3.0264757
4,1,delta,-0.09605342,-0.07409013,-0.08600313,-0.07370734
4,1,v,-1.6858286,-1.8366956,-1.8473442,-1.8363534
4,1,beta,-0.021157892,-0.0031522177,0.03323585,0.031582758
4,1,omega,-0.0013326581,-0.8888701,-1.7518622,-1.7302034
4,2,dx,0.17209539,0.24016444,0.23944591,0.23918952
4,2,dy,0.029938266,0.037580743,0.041717026,0.041490454
4,2,psi,-3.0163445,-3.0297904,-3.0981638,-3.097388
4,2,delta,-0.1112875,-0.07935865,-0.10037236,-0.07764144
4,2,v,-1.5109166,-1.8361233,-1.8587518,-1.8348745
4,2,beta,-0.0331205,0.05691868,0.36796027,0.34950203
4,2,omega,-0.002173476,-2.8010292,-8.415352,-8.210109
4,3,dx,0.16787249,0.27033198,0.2573838,0.25712416
4,3,dy,0.029452357,0.042719487,0.063629694,0.06338016
4,3,psi,-3.0174546,-3.0764742,2.8823836,2.8853884
4,3,delta,-0.104739614,-0.10282858,-0.107083194,-0.09887039
4,3,v,-1.3451465,-1.8595108,-1.8635004,-1.8557049
4,3,beta,-0.040558428,0.23262794,2.021121,1.975884
4,3,omega,-0.0029478772,-7.353773,-33.65774,-33.302013
4,4,dx,0.16313995,0.2999602,0.23871869,0.25023824
4,4,dy,0.028913163,0.051811457,0.06430902,0.067156024
4,4,psi,-3.018657,3.0841486,1.7102892,1.7015995
4,4,delta,-0.12035176,-0.09278032,-0.114084914,-0.09061306
4,4,v,-1.1786593,-1.8456205,-1.8634689,-1.8433572
4,4,beta,-0.038454026,0.72981286,9.644428,9.715665
4,4,omega,-0.0032128578,-18.171944,-128.63263,-129.81476
4,5,dx,0.15794891,0.3240255,0.24532938,0.24831182
4,5,dy,0.028326806,0.07097026,0.08680369,0.06848
4,5,psi,-3.0199428,2.7812827,-2.7237208,-2.8770766
4,5,delta,-0.12086152,-0.11683202,-0.12651679,-0.115093276
4,5,v,-1.0278609,-1.8594477,-1.8609718,-1.857625
4,5,beta,-0.038639106,2.064114,43.403835,44.938
4,5,omega,-0.0034525045,-43.544693,-484.71298,-499.67224
4,6,dx,0.15240547,0.31991562,0.2541569,0.25789762
4,6,dy,0.027704313,0.10168733,0.087713316,0.07207482
4,6,psi,-3.0211701,2.0555375,-0.6083529,-1.5933185
4,6,delta,-0.120972306,-0.11764408,-0.12702188,-0.116765246
4,6,v,-0.91510886,-1.8406264,-1.8524467,-1.8401723
4,6,beta,-0.03741384,5.5893493,190.32579,201.09656
4,6,omega,-0.003284752,-102.89906,-1832.444,-1919.571
4,7,dx,0.14660527,0.31354785,0.24939044,0.26248398
4,7,dy,0.027062016,0.071678385,0.06840276,0.06966528
4,7,psi,-3.0225306,0.34055305,-1.0237043,-0.24913305
4,7,delta,-0.13626193,-0.1178422,-0.13889864,-0.11719831
4,7,v,-0.83400303,-1.8423975,-1.8659723,-1.8421683
4,7,beta,-0.038145263,14.830111,815.03644,884.5179
4,7,omega,-0.0036668172,-243.04927,-6909.715,-7412.686
4,8,dx,0.1406128,0.33992773,0.24738134,0.26438943
4,8,dy,0.026422985,0.055962186,0.08396202,0.07270094
4,8,psi,-3.0243738,2.5729172,1.1352942,-3.0680327
4,8,delta,-0.119482,-0.14139761,-0.13777965,-0.14071484
4,8,v,-0.7722698,-1.8676776,-1.8861663,-1.8674593
4,8,beta,-0.046383128,38.70041,3388.2866,3786.6033
4,8,omega,-0.005053345,-572.2399,-25699.252,-28333.28
4,9,dx,0.13448761,0.36818784,0.24625652,0.2635067
4,9,dy,0.025771298,0.06901268,0.0857874,0.0784858
4,9,psi,-3.025895,-0.68123007,0.81646514,-2.6752322
4,9,delta,-0.108555205,-0.11560423,-0.116489686,-0.11507812
4,9,v,-0.72935194,-1.8827856,-1.9050956,-1.8826185
4,9,beta,-0.041295193,99.149185,13739.734,15768.4
4,9,omega,-0.004128993,-1335.5369,-94412.805,-106735.375
5,0,dx,0.17579527,0.17579527,0.17579527,0.17579527
5,0,dy,0.030372724,0.030372724,0.030372724,0.030372724
5,0,psi,-3.0155041,-3.0155041,-3.0155041,-3.0155041
5,0,delta,-0.09605342,-0.09605342,-0.09605342,-0.09605342
5,0,v,-1.6858286,-1.6858286,-1.6858286,-1.6858286
5,0,beta,-0.021157892,-0.021157892,-0.021157892,-0.021157892
5,0,omega,-0.0013326581,-0.0013326581,-0.0013326581,-0.0013326581
5,1,dx,0.17209539,0.20373788,0.20366575,0.20359707
5,1,dy,0.029938266,0.033315565,0.034293856,0.034331046
5,1,psi,-3.0163445,-3.0155263,-3.0286646,-3.02911
5,1,delta,-0.1112875,-0.10132194,-0.11042264,-0.10263863
5,1,v,-1.5109166,-1.6852564,-1.6972362,-1.6869897
5,1,beta,-0.0331205,0.017952388,0.090613835,0.09229407
5,1,omega,-0.002173476,-0.92202544,-2.134156,-2.1499968
5,2,dx,0.16787249,0.2315347,0.22947533,0.22925596
5,2,dy,0.029452357,0.03734674,0.0450454,0.045435257
5,2,psi,-3.0174546,-3.0308933,-3.1227489,-3.1257138
5,2,delta,-0.104739614,-0.12479187,-0.117133476,-0.12549868
5,2,v,-1.3451465,-1.7086438,-1.7019848,-1.7097217
5,2,beta,-0.040558428,0.13317032,0.72471005,0.74911714
5,2,omega,-0.0029478772,-3.2517238,-11.494367,-11.713635
5,3,dx,0.16313995,0.2591695,0.22919235,0.22505537
5,3,dy,0.028913163,0.04422288,0.06438979,0.06423643
5,3,psi,-3.018657,-3.0850887,2.719845,2.6987658
5,3,delta,-0.12035176,-0.11474362,-0.124135196,-0.11833454
5,3,v,-1.1786593,-1.6947535,-1.7019533,-1.6982574
5,3,beta,-0.038454026,0.46807158,3.9965236,4.219026
5,3,omega,-0.0032128578,-9.178028,-51.288094,-53.098423
5,4,dx,0.15794891,0.28361735,0.22971572,0.2258328
5,4,dy,0.028326806,0.05836971,0.066270195,0.060045656
5,4,psi,-3.0199428,3.0451295,0.81026196,0.67774063
5,4,delta,-0.12086152,-0.13879532,-0.13656707,-0.14219849
5,4,v,-1.0278609,-1.7085807,-1.6994562,-1.711666
5,4,beta,-0.038639106,1.3814149,20.256304,21.773325
5,4,omega,-0.0034525045,-23.74311,-219.91211,-231.00626
5,5,dx,0.15240547,0.29164678,0.23955713,0.22045521
5,5,dy,0.027704313,0.085690595,0.07928983,0.06532376
5,5,psi,-3.0211701,2.649411,-1.0782149,-1.7703797
5,5,delta,-0.120972306,-0.13960737,-0.13707216,-0.14298014
5,5,v,-0.91510886,-1.6897594,-1.6909311,-1.6933616
5,5,beta,-0.03741384,3.8596325,99.84285,108.65626
5,5,omega,-0.003284752,-59.62869,-941.50977,-998.71423
5,6,dx,0.14660527,0.26419938,0.24703397,0.2284658
5,6,dy,0.027062016,0.07938376,0.07871198,0.05880602
5,6,psi,-3.0225306,1.6555994,1.676161,-1.9680482
5,6,delta,-0.13626193,-0.1398055,-0.14894892,-0.14314707
5,6,v,-0.83400303,-1.6915305,-1.7044567,-1.6951444
5,6,beta,-0.038145263,10.556589,480.7013,533.8338
5,6,omega,-0.0036668172,-148.72012,-4013.8848,-4337.1104
5,7,dx,0.1406128,0.23775707,0.25093377,0.22847427
5,7,dy,0.026422985,0.08916146,0.08917259,0.056003127
5,7,psi,-3.0243738,-0.8230696,-1.3497775,-2.2184186
5,7,delta,-0.119482,-0.16336091,-0.14782993,-0.16656813
5,7,v,-0.7722698,-1.7168106,-1.7246507,-1.7202775
5,7,beta,-0.046383128,28.442291,2243.2295,2551.96
5,7,omega,-0.005053345,-368.70096,-16831.566,-18610.287
5,8,dx,0.13448761,0.260447,0.24077374,0.22982116
5,8,dy,0.025771298,0.07172871,0.09699443,0.065813005
5,8,psi,-3.025895,-0.6849003,1.04723,1.0828818
5,8,delta,-0.108555205,-0.13756754,-0.12653998,-0.14104004
5,8,v,-0.72935194,-1.7319186,-1.74358,-1.7354589
5,8,beta,-0.041295193,75.334404,10195.516,11846.748
5,8,omega,-0.004128993,-904.3342,-69553.875,-78492.77
5,9,dx,0.12826824,0.23930137,0.24349226,0.23131564
5,9,dy,0.02510593,0.09137733,0.10018061,0.06424266
5,9,psi,-3.0271137,3.0924184,0.11746335,2.9192488
5,9,delta,-0.0973252,-0.12078098,-0.10952013,-0.12424705
5,9,v,-0.69984585,-1.7546691,-1.741713,-1.7580304
5,9,beta,-0.03262221,197.18208,45422.273,53612.418
5,9,omega,-0.0032594178,-2204.1697,-284458.38,-325923.62
6,0,dx,0.17209539,0.17209539,0.17209539,0.17209539
6,0,dy,0.029938266,0.029938266,0.029938266,0.029938266
6,0,psi,-3.0163445,-3.0163445,-3.0163445,-3.0163445
6,0,delta,-0.1112875,-0.1112875,-0.1112875,-0.1112875
6,0,v,-1.5109166,-1.5109166,-1.5109166,-1.5109166
6,0,beta,-0.0331205,-0.0331205,-0.0331205,-0.0331205
6,0,omega,-0.002173476,-0.002173476,-0.002173476,-0.002173476
6,1,dx,0.16787249,0.19717054,0.19714521,0.19723023
6,1,dy,0.029452357,0.03225494,0.033178493,0.033309907
6,1,psi,-3.0174546,-3.0163808,-3.0327888,-3.0339668
6,1,delta,-0.104739614,-0.13475743,-0.11799833,-0.13136469
6,1,v,-1.3451465,-1.534304,-1.5156652,-1.5305308
6,1,beta,-0.040558428,0.0034751631,0.090849936,0.10402663
6,1,omega,-0.0029478772,-1.070188,-2.743833,-2.899134
6,2,dx,0.16313995,0.22253083,0.2194628,0.21910447
6,2,dy,0.028913163,0.035536617,0.043523517,0.044974625
6,2,psi,-3.018657,-3.0342174,3.1214936,3.1083639
6,2,delta,-0.12035176,-0.124709174,-0.12500006,-0.12240527
6,2,v,-1.1786593,-1.5204138,-1.5156337,-1.5174253
6,2,beta,-0.038454026,0.13456763,0.9190527,1.0532837
6,2,omega,-0.0032128578,-4.0936947,-16.582829,-17.923752
6,3,dx,0.15794891,0.247133,0.21730721,0.2138823
6,3,dy,0.028326806,0.04160787,0.05739802,0.05170994
6,3,psi,-3.0199428,-3.1024456,2.4260976,2.3361948
6,3,delta,-0.12086152,-0.14876087,-0.13743193,-0.14887975
6,3,v,-1.0278609,-1.534241,-1.5131366,-1.5345739
6,3,beta,-0.038639106,0.5204408,6.0918384,7.058109
6,3,omega,-0.0034525045,-11.982279,-86.298386,-94.65139
6,4,dx,0.15240547,0.26880348,0.20717786,0.21560866
6,4,dy,0.027704313,0.055181734,0.056413133,0.054132916
6,4,psi,-3.0211701,2.9810355,-1.1381409,-1.6493706
6,4,delta,-0.120972306,-0.14957292,-0.13793702,-0.15071826
6,4,v,-0.91510886,-1.5154196,-1.5046115,-1.5171459
6,4,beta,-0.03741384,1.6709734,37.305504,43.482677
6,4,omega,-0.003284752,-32.827087,-440.65485,-486.27988
6,5,dx,0.14660527,0.27032757,0.20368637,0.21170725
6,5,dy,0.027062016,0.0803927,0.060448654,0.05083331
6,5,psi,-3.0225306,2.4339173,-0.42063928,2.9430954
6,5,delta,-0.13626193,-0.14977105,-0.14981379,-0.15096748
6,5,v,-0.83400303,-1.5171907,-1.5181371,-1.5186926
6,5,beta,-0.038145263,5.0433664,219.51102,260.40646
6,5,omega,-0.0036668172,-88.127655,-2231.5989,-2506.7124
6,6,dx,0.1406128,0.26102588,0.1920402,0.2134453
6,6,dy,0.026422985,0.05687917,0.06838203,0.053665355
6,6,psi,-3.0243738,0.96512294,-3.1355379,-1.5663788
6,6,delta,-0.119482,-0.17332646,-0.1486948,-0.17392576
6,6,v,-0.7722698,-1.5424708,-1.5383312,-1.5438205
6,6,beta,-0.046383128,14.785685,1237.7139,1501.8649
6,6,omega,-0.005053345,-234.01065,-11066.987,-12721.803
6,7,dx,0.13448761,0.28671014,0.19335105,0.21168247
6,7,dy,0.025771298,0.057980273,0.06823369,0.05987221
6,7,psi,-3.025895,-2.9350548,-1.8541796,0.6983149
6,7,delta,-0.108555205,-0.14753309,-0.12740484,-0.14812759
6,7,v,-0.72935194,-1.5575788,-1.5572604,-1.5589606
6,7,beta,-0.041295193,42.33262,6741.185,8340.073
6,7,omega,-0.004128993,-612.9501,-53892.59,-63205.484
6,8,dx,0.12826824,0.29001504,0.2132371,0.20859171
6,8,dy,0.02510593,0.032231856,0.070828065,0.061530434
6,8,psi,-3.0271137,-0.5845182,2.6587698,2.2401395
6,8,delta,-0.0973252,-0.13074653,-0.11038499,-0.13134
6,8,v,-0.69984585,-1.5803293,-1.5553935,-1.5813886
6,8,beta,-0.03262221,119.319824,35782.715,44838.074
6,8,omega,-0.0032594178,-1592.9993,-259106.52,-307988.6
6,9,dx,0.121977784,0.2689711,0.21737155,0.20897819
6,9,dy,0.024428925,0.048071243,0.047447123,0.06261228
6,9,psi,-3.0280862,-2.001767,-2.5027525,-0.38714477
6,9,delta,-0.09392146,-0.1134934,-0.099153414,-0.11409525
6,9,v,-0.6766254,-1.5538449,-1.5546352,-1.5548812
6,9,beta,-0.027952485,331.14273,189593.12,239037.84
6,9,omega,-0.0025528024,-4101.0225,-1257126.2,-1504183.9
7,0,dx,0.16787249,0.16787249,0.16787249,0.16787249
7,0,dy,0.029452357,0.029452357,0.029452357,0.029452357
7,0,psi,-3.0174546,-3.0174546,-3.0174546,-3.0174546
7,0,delta,-0.104739614,-0.104739614,-0.104739614,-0.104739614
7,0,v,-1.3451465,-1.3451465,-1.3451465,-1.3451465
7,0,beta,-0.040558428,-0.040558428,-0.040558428,-0.040558428
7,0,omega,-0.0029478772,-0.0029478772,-0.0029478772,-0.0029478772
7,1,dx,0.16313995,0.19021334,0.19012618,0.19004822
7,1,dy,0.028913163,0.03132396,0.03178229,0.031805348
7,1,psi,-3.018657,-3.0175037,-3.0333233,-3.034317
7,1,delta,-0.12035176,-0.094691366,-0.111741334,-0.09683643
7,1,v,-1.1786593,-1.3312563,-1.3451151,-1.333
7,1,beta,-0.038454026,-0.01897453,0.042689517,0.042751342
7,1,omega,-0.0032128578,-1.0102061,-2.772924,-2.841397
7,2,dx,0.15794891,0.21227849,0.2107684,0.21053228
7,2,dy,0.028326806,0.033651903,0.039321646,0.03969846
7,2,psi,-3.0199428,-3.0343406,3.1049721,3.093974
7,2,delta,-0.12086152,-0.11874306,-0.12417321,-0.120927334
7,2,v,-1.0278609,-1.3450835,-1.342618,-1.3468047
7,2,beta,-0.038639106,0.050128862,0.8303333,0.8717936
7,2,omega,-0.0034525045,-3.8030071,-19.990002,-21.102146
7,3,dx,0.15240547,0.23441948,0.21075606,0.20918593
7,3,dy,0.027704313,0.037165534,0.053364113,0.04685429
7,3,psi,-3.0211701,-3.097724,2.1620047,2.0516796
7,3,delta,-0.120972306,-0.11955512,-0.1246783,-0.12247704
7,3,v,-0.91510886,-1.3262621,-1.3340929,-1.3299383
7,3,beta,-0.03741384,0.31316513,7.208229,8.032798
7,3,omega,-0.003284752,-11.969882,-126.50951,-138.72986
7,4,dx,0.14660527,0.2551299,0.22358657,0.2106158
7,4,dy,0.027062016,0.044890936,0.058855444,0.05454854
7,4,psi,-3.0225306,2.9859636,2.5731528,1.5332165
7,4,delta,-0.13626193,-0.11975324,-0.13655506,-0.12288812
7,4,v,-0.83400303,-1.3280332,-1.3476185,-1.3319169
7,4,beta,-0.038145263,1.2023022,55.40133,65.876045
7,4,omega,-0.0036668172,-35.55777,-780.82385,-902.3455
7,5,dx,0.1406128,0.2662069,0.22510119,0.21161588
7,5,dy,0.026422985,0.06405364,0.043745168,0.054764964
7,5,psi,-3.0243738,2.3933337,-1.6271908,1.815856
7,5,delta,-0.119482,-0.14330865,-0.13543607,-0.1466047
7,5,v,-0.7722698,-1.3533133,-1.3678125,-1.3572613
7,5,beta,-0.046383128,4.1258183,396.13126,502.99207
7,5,omega,-0.005053345,-103.28759,-4685.7344,-5739.8438
7,6,dx,0.13448761,0.2442767,0.21669957,0.20719485
7,6,dy,0.025771298,0.058780618,0.0446417,0.057781104
7,6,psi,-3.025895,0.6718738,1.2296336,-0.6530343
7,6,delta,-0.108555205,-0.11751527,-0.114146106,-0.12115326
7,6,v,-0.72935194,-1.3684213,-1.3867418,-1.3722646
7,6,beta,-0.041295193,13.454018,2689.3494,3617.8132
7,6,omega,-0.004128993,-294.45856,-27481.51,-35498.652
7,7,dx,0.12826824,0.24401955,0.22852609,0.20558855
7,7,dy,0.02510593,0.035975043,0.051848438,0.05479067
7,7,psi,-3.0271137,2.047416,-0.3566854,-2.858856
7,7,delta,-0.0973252,-0.10072872,-0.09712626,-0.10426822
7,7,v,-0.69984585,-1.3911718,-1.3848748,-1.3949299
7,7,beta,-0.03262221,42.57941,17597.904,24822.547
7,7,omega,-0.0032594178,-830.7027,-158648.7,-214212.83
7,8,dx,0.121977784,0.22548492,0.2259295,0.20283563
7,8,dy,0.024428925,0.022044243,0.06946176,0.060849104
7,8,psi,-3.0280862,0.7687409,0.6138437,2.2954292
7,8,delta,-0.09392146,-0.08347559,-0.08589468,-0.087044805
7,8,v,-0.6766254,-1.3646874,-1.3841165,-1.3688837
7,8,beta,-0.027952485,131.5766,114522.06,167727.97
7,8,omega,-0.0025528024,-2316.6162,-926158.7,-1295245.8
7,9,dx,0.115635805,0.20452183,0.22426195,0.20317234
7,9,dy,0.023732321,0.013219582,0.07158637,0.05293911
7,9,psi,-3.0284963,-0.14241576,-0.92498183,-2.0820017
7,9,delta,-0.11104453,-0.07826556,-0.09647803,-0.08201092
7,9,v,-0.6571981,-1.3896554,-1.4027162,-1.3937321
7,9,beta,0.0037336638,406.72012,723869.25,1119198.0
7,9,omega,-0.00093758345,-6538.925,-5316766.5,-7838743.5
8,0,dx,0.16313995,0.16313995,0.16313995,0.16313995
8,0,dy,0.028913163,0.028913163,0.028913163,0.028913163
8,0,psi,-3.018657,-3.018657,-3.018657,-3.018657
8,0,delta,-0.12035176,-0.12035176,-0.12035176,-0.12035176
8,0,v,-1.1786593,-1.1786593,-1.1786593,-1.1786593
8,0,beta,-0.038454026,-0.038454026,-0.038454026,-0.038454026
8,0,omega,-0.0032128578,-0.0032128578,-0.0032128578,-0.0032128578
8,1,dx,0.15794891,0.18271422,0.18259302,0.18265577
8,1,dy,0.028326806,0.030570773,0.031607423,0.031815223
8,1,psi,-3.0199428,-3.0187106,-3.0395143,-3.042039
8,1,delta,-0.12086152,-0.14440346,-0.13278364,-0.14341545
8,1,v,-1.0278609,-1.1924865,-1.1761622,-1.1910986
8,1,beta,-0.038639106,0.006797366,0.15755935,0.18507932
8,1,omega,-0.0034525045,-1.1611263,-3.8741257,-4.2040863
8,2,dx,0.15240547,0.20242213,0.19489425,0.1921858
8,2,dy,0.027704313,0.033140905,0.043073557,0.044867508
8,2,psi,-3.0211701,-3.0380628,3.0141566,2.9757836
8,2,delta,-0.120972306,-0.14521551,-0.13328873,-0.14425938
8,2,v,-0.91510886,-1.1736652,-1.1676371,-1.1740866
8,2,beta,-0.03741384,0.18862116,2.125932,2.5903656
8,2,omega,-0.003284752,-4.963745,-34.435684,-39.171005
8,3,dx,0.14660527,0.22115435,0.19861749,0.18888049
8,3,dy,0.027062016,0.03877475,0.042763878,0.043047074
8,3,psi,-3.0225306,-3.120792,1.1462448,0.6952705
8,3,delta,-0.13626193,-0.14541364,-0.14516549,-0.14470153
8,3,v,-0.83400303,-1.1754363,-1.1811627,-1.1762708
8,3,beta,-0.038145263,0.8172163,20.59375,26.801973
8,3,omega,-0.0036668172,-16.87019,-272.84717,-330.04312
8,4,dx,0.1406128,0.23425925,0.19930492,0.1883695
8,4,dy,0.026422985,0.053336807,0.056350492,0.04824718
8,4,psi,-3.0243738,2.881224,-0.66075015,0.7820309
8,4,delta,-0.119482,-0.16896905,-0.1440465,-0.16804703
8,4,v,-0.7722698,-1.2007164,-1.2013568,-1.2014449
8,4,beta,-0.046383128,2.955175,182.8026,255.42514
8,4,omega,-0.005053345,-53.95279,-2068.5347,-2678.4077
8,5,dx,0.13448761,0.21621168,0.20485692,0.19093417
8,5,dy,0.025771298,0.061983354,0.06332441,0.051846754
8,5,psi,-3.025895,1.9820106,-0.79473233,-3.0842779
8,5,delta,-0.108555205,-0.14317568,-0.12275653,-0.14242518
8,5,v,-0.72935194,-1.2158244,-1.220286,-1.2166803
8,5,beta,-0.041295193,10.062986,1536.5736,2286.875
8,5,omega,-0.004128993,-167.31195,-15218.818,-20955.793
8,6,dx,0.12826824,0.19864026,0.2108511,0.19284564
8,6,dy,0.02510593,0.07207615,0.06306972,0.054558225
8,6,psi,-3.0271137,-0.80652213,-2.0594733,2.84934
8,6,delta,-0.0973252,-0.12638912,-0.10573669,-0.125656
8,6,v,-0.69984585,-1.2385749,-1.2184191,-1.239125
8,6,beta,-0.03262221,33.29447,12435.779,19458.848
8,6,omega,-0.0032594178,-510.89957,-109760.6,-158775.19
8,7,dx,0.121977784,0.18876575,0.20847982,0.19670969
8,7,dy,0.024428925,0.05394816,0.07251295,0.058230285
8,7,psi,-3.0280862,-3.0383303,-2.71603,0.6769729
8,7,delta,-0.09392146,-0.109135985,-0.09450511,-0.10835808
8,7,v,-0.6766254,-1.2120905,-1.2176608,-1.212449
8,7,beta,-0.027952485,107.86093,100558.875,163723.39
8,7,omega,-0.0025528024,-1537.9026,-802708.94,-1207351.2
8,8,dx,0.115635805,0.197017,0.21263416,0.19838774
8,8,dy,0.023732321,0.07238773,0.06500512,0.056099672
8,8,psi,-3.0284963,2.7458847,-0.9612267,0.5747686
8,8,delta,-0.11104453,-0.10392596,-0.10508846,-0.10279917
8,8,v,-0.6571981,-1.2370584,-1.2362604,-1.2364028
8,8,beta,0.0037336638,351.84497,787650.6,1365909.1
8,8,omega,-0.00093758345,-4694.247,-5748380.0,-9211083.0
8,9,dx,0.10925241,0.2159331,0.2101593,0.20525621
8,9,dy,0.023023875,0.06418601,0.06534661,0.05516829
8,9,psi,-3.028927,-0.09334254,-0.71115327,-0.37009045
8,9,delta,-0.11536854,-0.13030268,-0.12161754,-0.12862158
8,9,v,-0.6436633,-1.2492898,-1.2425574,-1.2488115
8,9,beta,0.012828417,1127.7272,6003783.0,10949026.0
8,9,omega,-0.0009971528,-14131.996,-40419524.0,-68138570.0
9,0,dx,0.15794891,0.15794891,0.15794891,0.15794891
9,0,dy,0.028326806,0.028326806,0.028326806,0.028326806
9,0,psi,-3.0199428,-3.0199428,-3.0199428,-3.0199428
9,0,delta,-0.12086152,-0.12086152,-0.12086152,-0.12086152
9,0,v,-1.0278609,-1.0278609,-1.0278609,-1.0278609
9,0,beta,-0.038639106,-0.038639106,-0.038639106,-0.038639106
9,0,omega,-0.0034525045,-0.0034525045,-0.0034525045,-0.0034525045
9,1,dx,0.15240547,0.17502093,0.17476575,0.17467017
9,1,dy,0.027704313,0.029747233,0.030775439,0.030993449
9,1,psi,-3.0211701,-3.0200002,-3.042409,-3.0462599
9,1,delta,-0.120972306,-0.121673584,-0.12136661,-0.121667445
9,1,v,-0.91510886,-1.0090395,-1.0193357,-1.0092453
9,1,beta,-0.03741384,0.013413835,0.19743419,0.24008244
9,1,omega,-0.003284752,-1.1678158,-4.446975,-5.0366836
9,2,dx,0.14660527,0.19168523,0.18232615,0.17769207
9,2,dy,0.027062016,0.032010786,0.040480528,0.040478528
9,2,psi,-3.0225306,-3.0394638,2.9363134,2.8447204
9,2,delta,-0.13626193,-0.1218717,-0.13324338,-0.12192051
9,2,v,-0.83400303,-1.0108106,-1.0328614,-1.0107589
9,2,beta,-0.038145263,0.21334575,3.1879175,4.373755
9,2,omega,-0.0036668172,-5.2097416,-49.8512,-64.12073
9,3,dx,0.1406128,0.20770067,0.18700911,0.17708507
9,3,dy,0.026422985,0.03723782,0.042527743,0.040805493
9,3,psi,-3.0243738,-3.1262927,-0.1742003,-1.7617362
9,3,delta,-0.119482,-0.14542711,-0.1321244,-0.14514534
9,3,v,-0.7722698,-1.0360907,-1.0530554,-1.0356878
9,3,beta,-0.046383128,0.9656562,38.008717,60.732647
9,3,omega,-0.005053345,-19.19262,-494.29504,-734.19635
9,4,dx,0.13448761,0.21730572,0.17060381,0.17475466
9,4,dy,0.025771298,0.05158819,0.040362507,0.034607965
9,4,psi,-3.025895,2.8370159,1.2879493,-2.1947448
9,4,delta,-0.108555205,-0.11963373,-0.11083443,-0.1198699
9,4,v,-0.72935194,-1.0511987,-1.0719846,-1.0510033
9,4,beta,-0.041295193,3.7434285,417.76294,768.52734
9,4,omega,-0.004128993,-66.6499,-4689.231,-7967.149
9,5,dx,0.12826824,0.20055412,0.16804586,0.17255537
9,5,dy,0.02510593,0.046456575,0.043119587,0.034558214
9,5,psi,-3.0271137,1.7261841,-0.4429977,-2.8633776
9,5,delta,-0.0973252,-0.102847174,-0.09381458,-0.10309692
9,5,v,-0.69984585,-1.0739492,-1.0701177,-1.0738361
9,5,beta,-0.03262221,13.727426,4379.8584,9089.601
9,5,omega,-0.0032594178,-225.46873,-43369.25,-82785.875
9,6,dx,0.121977784,0.21787739,0.16805615,0.17019482
9,6,dy,0.024428925,0.04195279,0.041053683,0.03443573
9,6,psi,-3.0280862,-2.0316284,-0.9543345,-1.6131781
9,6,delta,-0.09392146,-0.08559404,-0.082583,-0.08595932
9,6,v,-0.6766254,-1.0474648,-1.0693594,-1.0482454
9,6,beta,-0.027952485,48.951008,45908.98,105868.38
9,6,omega,-0.0025528024,-748.5475,-408079.16,-862830.5
9,7,dx,0.115635805,0.23497133,0.15889809,0.17165765
9,7,dy,0.023732321,0.038407348,0.040368248,0.03294805
9,7,psi,-3.0284963,-1.9410493,0.33542132,1.0590314
9,7,delta,-0.11104453,-0.080384016,-0.09316635,-0.080261745
9,7,v,-0.6571981,-1.0724328,-1.087959,-1.0735095
9,7,beta,0.0037336638,176.1393,463004.53,1216204.4
9,7,omega,-0.00093758345,-2526.5278,-3740508.5,-8996129.0
9,8,dx,0.10925241,0.23782161,0.16105919,0.17213571
9,8,dy,0.023023875,0.056052506,0.045709882,0.035103254
9,8,psi,-3.028927,-0.06754708,2.404311,-0.30923256
9,8,delta,-0.11536854,-0.10676074,-0.109695435,-0.1063334
9,8,v,-0.6436633,-1.0846641,-1.094256,-1.0857525
9,8,beta,0.012828417,621.1454,4518282.5,13266420.0
9,8,omega,-0.0009971528,-8385.992,-33511374.0,-90023990.0
9,9,dx,0.102832116,0.22741705,0.16744027,0.1744582
9,9,dy,0.022346053,0.07083593,0.0425751,0.033856463
9,9,psi,-3.0303228,-1.604017,1.3545692,-0.2108704
9,9,delta,-0.10124953,-0.11344219,-0.10218679,-0.112902954
9,9,v,-0.6305008,-1.0850267,-1.0945343,-1.086131
9,9,beta,-0.009945392,2165.485,43521320.0,141513550.0
9,9,omega,-0.0037681535,-27613.775,-298932740.0,-888988300.0
