sample_idx,timestep,state_idx,true_state,pred_state
0,0,0,0.18615016341209412,0.18615016341209412
0,0,1,0.03166038170456886,0.03166038170456886
0,0,2,-3.0148303508758545,-3.0148303508758545
0,0,3,-0.08232925087213516,-0.08232925087213516
0,0,4,-2.620760679244995,-2.620760679244995
0,0,5,-2.4361133575439453,-2.4361133575439453
0,0,6,0.0002401091333013028,0.0002401091333013028
0,1,0,0.18520015478134155,0.1424708217382431
0,1,1,0.03150787204504013,0.2697540521621704
0,1,2,-3.013929605484009,-3.0148262977600098
0,1,3,-0.0731581449508667,-0.10055763274431229
0,1,4,-2.3881969451904297,-2.645106554031372
0,1,5,0.10177386552095413,-4.677303314208984
0,1,6,0.0028269244357943535,-0.7869914174079895
0,2,0,0.18366633355617523,0.09838570654392242
0,2,1,0.0313202440738678,0.6088624000549316
0,2,2,-3.0141537189483643,-3.0279428958892822
0,2,3,-0.0865267664194107,-0.08647274225950241
0,2,4,-2.2094943523406982,-2.6514694690704346
0,2,5,0.0055559962056577206,-8.954290390014648
0,2,6,-0.0004035135207232088,-2.4886975288391113
0,3,0,0.1815866082906723,0.05419454723596573
0,3,1,0.03106667473912239,1.138371229171753
0,3,2,-3.01446795463562,-3.0694212913513184
0,3,3,-0.10472525656223297,-0.10707210004329681
0,3,4,-2.0340871810913086,-2.6773972511291504
0,3,5,-0.021698009222745895,-17.155170440673828
0,3,6,-0.0006623319932259619,-5.649968147277832
0,4,0,0.17896120250225067,0.00957125797867775
0,4,1,0.030751854181289673,2.0408592224121094
0,4,2,-3.014956474304199,3.119598150253296
0,4,3,-0.09264761209487915,-0.13510367274284363
0,4,4,-1.858564853668213,-2.673313617706299
0,4,5,-0.027720242738723755,-32.72612762451172
0,4,6,-0.0011628513457253575,-11.921920776367188
0,5,0,0.1757952719926834,-0.03498397022485733
0,5,1,0.030372723937034607,3.359984874725342
0,5,2,-3.0155041217803955,2.9208996295928955
0,5,3,-0.09605342149734497,-0.11654619127511978
0,5,4,-1.6858285665512085,-2.651444435119629
0,5,5,-0.021157892420887947,-62.488433837890625
0,5,6,-0.0013326581101864576,-24.30447006225586
0,6,0,0.172095388174057,-0.0791747123003006
0,6,1,0.029938265681266785,5.992318630218506
0,6,2,-3.0163445472717285,2.515825033187866
0,6,3,-0.11128749698400497,-0.12181471288204193
0,6,4,-1.5109165906906128,-2.650872230529785
0,6,5,-0.03312050178647041,-119.82923889160156
0,6,6,-0.002173475921154022,-48.21479034423828
0,7,0,0.16787248849868774,-0.1233559176325798
0,7,1,0.029452357441186905,11.17536735534668
0,7,2,-3.0174546241760254,1.712245225906372
0,7,3,-0.10473961383104324,-0.14528463780879974
0,7,4,-1.3451465368270874,-2.674259662628174
0,7,5,-0.040558427572250366,-229.83139038085938
0,7,6,-0.002947877161204815,-94.61119079589844
0,8,0,0.1631399542093277,-0.16792690753936768
0,8,1,0.028913162648677826,21.342864990234375
0,8,2,-3.0186569690704346,0.1353919506072998
0,8,3,-0.12035176157951355,-0.13523638248443604
0,8,4,-1.1786593198776245,-2.660369396209717
0,8,5,-0.038454025983810425,-438.9608154296875
0,8,6,-0.003212857758626342,-183.9813232421875
0,9,0,0.15794891119003296,-0.21226640045642853
0,9,1,0.02832680568099022,40.80016326904297
0,9,2,-3.0199427604675293,-2.9309635162353516
0,9,3,-0.12086152285337448,-0.15928807854652405
0,9,4,-1.0278608798980713,-2.674196720123291
0,9,5,-0.03863910585641861,-840.4945068359375
0,9,6,-0.0034525045193731785,-357.2550964355469
1,0,0,0.18520015478134155,0.18520015478134155
1,0,1,0.03150787204504013,0.03150787204504013
1,0,2,-3.013929605484009,-3.013929605484009
1,0,3,-0.0731581449508667,-0.0731581449508667
1,0,4,-2.3881969451904297,-2.3881969451904297
1,0,5,0.10177386552095413,0.10177386552095413
1,0,6,0.0028269244357943535,0.0028269244357943535
1,1,0,0.18366633355617523,0.1453968733549118
1,1,1,0.0313202440738678,0.1474212259054184
1,1,2,-3.0141537189483643,-3.0138823986053467
1,1,3,-0.0865267664194107,-0.059073254466056824
1,1,4,-2.2094943523406982,-2.394559860229492
1,1,5,0.0055559962056577206,0.2438049018383026
1,1,6,-0.0004035135207232088,-0.6939688920974731
1,2,0,0.1815866082906723,0.10548754036426544
1,2,1,0.03106667473912239,0.25797316431999207
1,2,2,-3.01446795463562,-3.0254485607147217
1,2,3,-0.10472525656223297,-0.07967261224985123
1,2,4,-2.0340871810913086,-2.420487642288208
1,2,5,-0.021698009222745895,0.5353265404701233
1,2,6,-0.0006623319932259619,-1.9797009229660034
1,3,0,0.17896120250225067,0.0651460736989975
1,3,1,0.030751854181289673,0.35842832922935486
1,3,2,-3.014956474304199,-3.058443546295166
1,3,3,-0.09264761209487915,-0.10770418494939804
1,3,4,-1.858564853668213,-2.4164040088653564
1,3,5,-0.027720242738723755,1.1510913372039795
1,3,6,-0.0011628513457253575,-4.775715351104736
1,4,0,0.1757952719926834,0.02487267181277275
1,4,1,0.030372723937034607,0.4352439045906067
1,4,2,-3.0155041217803955,-3.1380388736724854
1,4,3,-0.09605342149734497,-0.0891467034816742
1,4,4,-1.6858285665512085,-2.3945348262786865
1,4,5,-0.021157892420887947,2.453629493713379
1,4,6,-0.0013326581101864576,-10.720791816711426
1,5,0,0.172095388174057,-0.015036243945360184
1,5,1,0.029938265681266785,0.46255794167518616
1,5,2,-3.0163445472717285,2.9664666652679443
1,5,3,-0.11128749698400497,-0.09441522508859634
1,5,4,-1.5109165906906128,-2.3939626216888428
1,5,5,-0.03312050178647041,5.1909871101379395
1,5,6,-0.002173475921154022,-22.707496643066406
1,6,0,0.16787248849868774,-0.054935622960329056
1,6,1,0.029452357441186905,0.1370806097984314
1,6,2,-3.0174546241760254,2.588008165359497
1,6,3,-0.10473961383104324,-0.11788515001535416
1,6,4,-1.3451465368270874,-2.4173500537872314
1,6,5,-0.040558427572250366,10.935726165771484
1,6,6,-0.002947877161204815,-47.198974609375
1,7,0,0.1631399542093277,-0.09522479772567749
1,7,1,0.028913162648677826,-0.4077794551849365
1,7,2,-3.0186569690704346,1.8013584613800049
1,7,3,-0.12035176157951355,-0.10783690214157104
1,7,4,-1.1786593198776245,-2.4034597873687744
1,7,5,-0.038454025983810425,22.876914978027344
1,7,6,-0.003212857758626342,-96.8822021484375
1,8,0,0.15794891119003296,-0.1352824568748474
1,8,1,0.02832680568099022,-1.3963334560394287
1,8,2,-3.0199427604675293,0.18665504455566406
1,8,3,-0.12086152285337448,-0.13188859820365906
1,8,4,-1.0278608798980713,-2.4172871112823486
1,8,5,-0.03863910585641861,47.89033508300781
1,8,6,-0.0034525045193731785,-198.15663146972656
1,9,0,0.15240547060966492,-0.17557057738304138
1,9,1,0.027704313397407532,-3.3332648277282715
1,9,2,-3.021170139312744,-3.1159555912017822
1,9,3,-0.12097230553627014,-0.13270065188407898
1,9,4,-0.915108859539032,-2.398465633392334
1,9,5,-0.037413839250802994,99.84781646728516
1,9,6,-0.0032847519032657146,-403.2759094238281
2,0,0,0.18366633355617523,0.18366633355617523
2,0,1,0.0313202440738678,0.0313202440738678
2,0,2,-3.0141537189483643,-3.0141537189483643
2,0,3,-0.0865267664194107,-0.0865267664194107
2,0,4,-2.2094943523406982,-2.2094943523406982
2,0,5,0.0055559962056577206,0.0055559962056577206
2,0,6,-0.0004035135207232088,-0.0004035135207232088
2,1,0,0.1815866082906723,0.14684142172336578
2,1,1,0.03106667473912239,0.14211156964302063
2,1,2,-3.01446795463562,-3.014160394668579
2,1,3,-0.10472525656223297,-0.10712612420320511
2,1,4,-2.0340871810913086,-2.235422134399414
2,1,5,-0.021698009222745895,0.05975138023495674
2,1,6,-0.0006623319932259619,-0.828464686870575
2,2,0,0.17896120250225067,0.10958438366651535
2,2,1,0.030751854181289673,0.25218409299850464
2,2,2,-3.014956474304199,-3.027968168258667
2,2,3,-0.09264761209487915,-0.13515770435333252
2,2,4,-1.858564853668213,-2.2313385009765625
2,2,5,-0.027720242738723755,0.19787734746932983
2,2,6,-0.0011628513457253575,-2.7747395038604736
2,3,0,0.1757952719926834,0.07239540666341782
2,3,1,0.030372723937034607,0.3574322760105133
2,3,2,-3.0155041217803955,-3.074213743209839
2,3,3,-0.09605342149734497,-0.11660022288560867
2,3,4,-1.6858285665512085,-2.2094693183898926
2,3,5,-0.021157892420887947,0.5358902215957642
2,3,6,-0.0013326581101864576,-7.159946441650391
2,4,0,0.172095388174057,0.035570915788412094
2,4,1,0.029938265681266785,0.4509047567844391
2,4,2,-3.0163445472717285,3.0896389484405518
2,4,3,-0.11128749698400497,-0.12186874449253082
2,4,4,-1.5109165906906128,-2.208897113800049
2,4,5,-0.03312050178647041,1.314771056175232
2,4,6,-0.002173475921154022,-16.333969116210938
2,5,0,0.16787248849868774,-0.0012440383434295654
2,5,1,0.029452357441186905,0.2887566089630127
2,5,2,-3.0174546241760254,2.817405939102173
2,5,3,-0.10473961383104324,-0.14533866941928864
2,5,4,-1.3451465368270874,-2.2322845458984375
2,5,5,-0.040558427572250366,3.1144256591796875
2,5,6,-0.002947877161204815,-35.88882827758789
2,6,0,0.1631399542093277,-0.03844878450036049
2,6,1,0.028913162648677826,0.06806434690952301
2,6,2,-3.0186569690704346,2.2192585468292236
2,6,3,-0.12035176157951355,-0.13529041409492493
2,6,4,-1.1786593198776245,-2.2183942794799805
2,6,5,-0.038454025983810425,7.214075565338135
2,6,6,-0.003212857758626342,-77.26023864746094
2,7,0,0.15794891119003296,-0.0754220262169838
2,7,1,0.02832680568099022,-0.28071659803390503
2,7,2,-3.0199427604675293,0.9315879344940186
2,7,3,-0.12086152285337448,-0.15934211015701294
2,7,4,-1.0278608798980713,-2.2322216033935547
2,7,5,-0.03863910585641861,16.551902770996094
2,7,6,-0.0034525045193731785,-165.1634979248047
2,8,0,0.15240547060966492,-0.11262571811676025
2,8,1,0.027704313397407532,-0.9311670064926147
2,8,2,-3.021170139312744,-1.8211371898651123
2,8,3,-0.12097230553627014,-0.16015416383743286
2,8,4,-0.915108859539032,-2.21340012550354
2,8,5,-0.037413839250802994,37.57742691040039
2,8,6,-0.0032847519032657146,-350.6900634765625
2,9,0,0.14660526812076569,-0.14951571822166443
2,9,1,0.02706201560795307,-2.250216484069824
2,9,2,-3.0225305557250977,-1.3827860355377197
2,9,3,-0.1362619251012802,-0.16035228967666626
2,9,4,-0.8340030312538147,-2.2151713371276855
2,9,5,-0.038145262748003006,85.14767456054688
2,9,6,-0.0036668172106146812,-746.23486328125
3,0,0,0.1815866082906723,0.1815866082906723
3,0,1,0.03106667473912239,0.03106667473912239
3,0,2,-3.01446795463562,-3.01446795463562
3,0,3,-0.10472525656223297,-0.10472525656223297
3,0,4,-2.0340871810913086,-2.0340871810913086
3,0,5,-0.021698009222745895,-0.021698009222745895
3,0,6,-0.0006623319932259619,-0.0006623319932259619
3,1,0,0.17896120250225067,0.14768515527248383
3,1,1,0.030751854181289673,0.1339971125125885
3,1,2,-3.014956474304199,-3.014478921890259
3,1,3,-0.09264761209487915,-0.13275682926177979
3,1,4,-1.858564853668213,-2.030003547668457
3,1,5,-0.027720242738723755,0.015285380184650421
3,1,6,-0.0011628513457253575,-1.003143072128296
3,2,0,0.1757952719926834,0.11385175585746765
3,2,1,0.030372723937034607,0.2354699969291687
3,2,2,-3.0155041217803955,-3.031198024749756
3,2,3,-0.09605342149734497,-0.11419934779405594
3,2,4,-1.6858285665512085,-2.008134365081787
3,2,5,-0.021157892420887947,0.13066458702087402
3,2,6,-0.0013326581101864576,-3.501819133758545
3,3,0,0.172095388174057,0.08038284629583359
3,3,1,0.029938265681266785,0.332547664642334
3,3,2,-3.0163445472717285,-3.089561700820923
3,3,3,-0.11128749698400497,-0.11946786940097809
3,3,4,-1.5109165906906128,-2.0075621604919434
3,3,5,-0.03312050178647041,0.4183415174484253
3,3,6,-0.002173475921154022,-8.930692672729492
3,4,0,0.16787248849868774,0.046923473477363586
3,4,1,0.029452357441186905,0.42192500829696655
3,4,2,-3.0174546241760254,3.044779062271118
3,4,3,-0.10473961383104324,-0.1429377943277359
3,4,4,-1.3451465368270874,-2.030949592590332
3,4,5,-0.040558427572250366,1.1512181758880615
3,4,6,-0.002947877161204815,-21.136123657226562
3,5,0,0.1631399542093277,0.01307431235909462
3,5,1,0.028913162648677826,0.27989399433135986
3,5,2,-3.0186569690704346,2.6925103664398193
3,5,3,-0.12035176157951355,-0.1328895390033722
3,5,4,-1.1786593198776245,-2.017059326171875
3,5,5,-0.038454025983810425,2.979959011077881
3,5,6,-0.003212857758626342,-48.383819580078125
3,6,0,0.15794891119003296,-0.02054334431886673
3,6,1,0.02832680568099022,0.08919887244701385
3,6,2,-3.0199427604675293,1.8861134052276611
3,6,3,-0.12086152285337448,-0.1569412350654602
3,6,4,-1.0278608798980713,-2.030886650085449
3,6,5,-0.03863910585641861,7.490414619445801
3,6,6,-0.0034525045193731785,-109.3073501586914
3,7,0,0.15240547060966492,-0.05439145863056183
3,7,1,0.027704313397407532,-0.22817890346050262
3,7,2,-3.021170139312744,0.06432414054870605
3,7,3,-0.12097230553627014,-0.15775328874588013
3,7,4,-0.915108859539032,-2.0120651721954346
3,7,5,-0.037413839250802994,18.452396392822266
3,7,6,-0.0032847519032657146,-244.65606689453125
3,8,0,0.14660526812076569,-0.08792588114738464
3,8,1,0.02706201560795307,-0.849126398563385
3,8,2,-3.0225305557250977,2.2699081897735596
3,8,3,-0.1362619251012802,-0.15795141458511353
3,8,4,-0.8340030312538147,-2.01383638381958
3,8,5,-0.038145262748003006,45.11771011352539
3,8,6,-0.0036668172106146812,-548.5504150390625
3,9,0,0.14061279594898224,-0.12148982286453247
3,9,1,0.026422984898090363,-2.4396417140960693
3,9,2,-3.024373769760132,-0.589414119720459
3,9,3,-0.11948200315237045,-0.18150682747364044
3,9,4,-0.7722697854042053,-2.039116621017456
3,9,5,-0.04638312757015228,109.30186462402344
3,9,6,-0.005053345113992691,-1227.4521484375
4,0,0,0.17896120250225067,0.17896120250225067
4,0,1,0.030751854181289673,0.030751854181289673
4,0,2,-3.014956474304199,-3.014956474304199
4,0,3,-0.09264761209487915,-0.09264761209487915
4,0,4,-1.858564853668213,-1.858564853668213
4,0,5,-0.027720242738723755,-0.027720242738723755
4,0,6,-0.0011628513457253575,-0.0011628513457253575
4,1,0,0.1757952719926834,0.14798511564731598
4,1,1,0.030372723937034607,0.12500205636024475
4,1,2,-3.0155041217803955,-3.0149757862091064
4,1,3,-0.09605342149734497,-0.0740901306271553
4,1,4,-1.6858285665512085,-1.8366955518722534
4,1,5,-0.021157892420887947,-0.0031522177159786224
4,1,6,-0.0013326581101864576,-0.888870120048523
4,2,0,0.172095388174057,0.117373526096344
4,2,1,0.029938265681266785,0.2173917591571808
4,2,2,-3.0163445472717285,-3.0297904014587402
4,2,3,-0.11128749698400497,-0.07935865223407745
4,2,4,-1.5109165906906128,-1.8361233472824097
4,2,5,-0.03312050178647041,0.0569186806678772
4,2,6,-0.002173475921154022,-2.8010292053222656
4,3,0,0.16787248849868774,0.08677147328853607
4,3,1,0.029452357441186905,0.3083677589893341
4,3,2,-3.0174546241760254,-3.076474189758301
4,3,3,-0.10473961383104324,-0.10282857716083527
4,3,4,-1.3451465368270874,-1.8595107793807983
4,3,5,-0.040558427572250366,0.23262794315814972
4,3,6,-0.002947877161204815,-7.35377311706543
4,4,0,0.1631399542093277,0.05577962473034859
4,4,1,0.028913162648677826,0.3965038061141968
4,4,2,-3.0186569690704346,3.084148645401001
4,4,3,-0.12035176157951355,-0.09278032183647156
4,4,4,-1.1786593198776245,-1.8456205129623413
4,4,5,-0.038454025983810425,0.7298128604888916
4,4,6,-0.003212857758626342,-18.17194366455078
4,5,0,0.15794891119003296,0.02501928061246872
4,5,1,0.02832680568099022,0.27918505668640137
4,5,2,-3.0199427604675293,2.781282663345337
4,5,3,-0.12086152285337448,-0.11683201789855957
4,5,4,-1.0278608798980713,-1.859447717666626
4,5,5,-0.03863910585641861,2.0641140937805176
4,5,6,-0.0034525045193731785,-43.54469299316406
4,6,0,0.15240547060966492,-0.00597151555120945
4,6,1,0.027704313397407532,0.12902233004570007
4,6,2,-3.021170139312744,2.055537462234497
4,6,3,-0.12097230553627014,-0.11764407902956009
4,6,4,-0.915108859539032,-1.8406263589859009
4,6,5,-0.037413839250802994,5.589349269866943
4,6,6,-0.0032847519032657146,-102.89906311035156
4,7,0,0.14660526812076569,-0.036648623645305634
4,7,1,0.02706201560795307,-0.10550069808959961
4,7,2,-3.0225305557250977,0.34055304527282715
4,7,3,-0.1362619251012802,-0.11784219741821289
4,7,4,-0.8340030312538147,-1.8423974514007568
4,7,5,-0.038145262748003006,14.830110549926758
4,7,6,-0.0036668172106146812,-243.0492706298828
4,8,0,0.14061279594898224,-0.06735524535179138
4,8,1,0.026422984898090363,-0.5713405609130859
4,8,2,-3.024373769760132,2.5729172229766846
4,8,3,-0.11948200315237045,-0.1413976103067398
4,8,4,-0.7722697854042053,-1.8676775693893433
4,8,5,-0.04638312757015228,38.700408935546875
4,8,6,-0.005053345113992691,-572.2399291992188
4,9,0,0.13448761403560638,-0.09848320484161377
4,9,1,0.02577129751443863,-1.8560950756072998
4,9,2,-3.025895118713379,-0.6812300682067871
4,9,3,-0.10855520516633987,-0.1156042292714119
4,9,4,-0.7293519377708435,-1.8827855587005615
4,9,5,-0.04129519313573837,99.14918518066406
4,9,6,-0.004128993023186922,-1335.536865234375
5,0,0,0.1757952719926834,0.1757952719926834
5,0,1,0.030372723937034607,0.030372723937034607
5,0,2,-3.0155041217803955,-3.0155041217803955
5,0,3,-0.09605342149734497,-0.09605342149734497
5,0,4,-1.6858285665512085,-1.6858285665512085
5,0,5,-0.021157892420887947,-0.021157892420887947
5,0,6,-0.0013326581101864576,-0.0013326581101864576
5,1,0,0.172095388174057,0.14769813418388367
5,1,1,0.029938265681266785,0.11569425463676453
5,1,2,-3.0163445472717285,-3.015526294708252
5,1,3,-0.11128749698400497,-0.10132194310426712
5,1,4,-1.5109165906906128,-1.6852563619613647
5,1,5,-0.03312050178647041,0.017952388152480125
5,1,6,-0.002173475921154022,-0.9220256209373474
5,2,0,0.16787248849868774,0.11961052566766739
5,2,1,0.029452357441186905,0.1998889446258545
5,2,2,-3.0174546241760254,-3.030893325805664
5,2,3,-0.10473961383104324,-0.12479186803102493
5,2,4,-1.3451465368270874,-1.7086437940597534
5,2,5,-0.040558427572250366,0.13317032158374786
5,2,6,-0.002947877161204815,-3.2517244815826416
5,3,0,0.1631399542093277,0.09113312512636185
5,3,1,0.028913162648677826,0.28240853548049927
5,3,2,-3.0186569690704346,-3.0850887298583984
5,3,3,-0.12035176157951355,-0.11474362015724182
5,3,4,-1.1786593198776245,-1.6947535276412964
5,3,5,-0.038454025983810425,0.46807152032852173
5,3,6,-0.003212857758626342,-9.17802906036377
5,4,0,0.15794891119003296,0.06288722902536392
5,4,1,0.02832680568099022,0.3563285171985626
5,4,2,-3.0199427604675293,3.0451295375823975
5,4,3,-0.12086152285337448,-0.13879531621932983
5,4,4,-1.0278608798980713,-1.708580732345581
5,4,5,-0.03863910585641861,1.3814146518707275
5,4,6,-0.0034525045193731785,-23.74311065673828
5,5,0,0.15240547060966492,0.034410882741212845
5,5,1,0.027704313397407532,0.2302767038345337
5,5,2,-3.021170139312744,2.6494109630584717
5,5,3,-0.12097230553627014,-0.13960736989974976
5,5,4,-0.915108859539032,-1.689759373664856
5,5,5,-0.037413839250802994,3.8596322536468506
5,5,6,-0.0032847519032657146,-59.62868881225586
5,6,0,0.14660526812076569,0.006248224526643753
5,6,1,0.02706201560795307,0.046964749693870544
5,6,2,-3.0225305557250977,1.6555993556976318
5,6,3,-0.1362619251012802,-0.13980549573898315
5,6,4,-0.8340030312538147,-1.691530466079712
5,6,5,-0.038145262748003006,10.556588172912598
5,6,6,-0.0036668172106146812,-148.72012329101562
5,7,0,0.14061279594898224,-0.0219439510256052
5,7,1,0.026422984898090363,-0.29732340574264526
5,7,2,-3.024373769760132,-0.8230695724487305
5,7,3,-0.11948200315237045,-0.16336090862751007
5,7,4,-0.7722697854042053,-1.7168105840682983
5,7,5,-0.04638312757015228,28.442291259765625
5,7,6,-0.005053345113992691,-368.70098876953125
5,8,0,0.13448761403560638,-0.050557464361190796
5,8,1,0.02577129751443863,-1.0876061916351318
5,8,2,-3.025895118713379,-0.6849007606506348
5,8,3,-0.10855520516633987,-0.13756753504276276
5,8,4,-0.7293519377708435,-1.7319185733795166
5,8,5,-0.04129519313573837,75.33440399169922
5,8,6,-0.004128993023186922,-904.3343505859375
5,9,0,0.12826824188232422,-0.07942277193069458
5,9,1,0.025105930864810944,-3.242387294769287
5,9,2,-3.027113676071167,3.0924155712127686
5,9,3,-0.09732519835233688,-0.12078098207712173
5,9,4,-0.6998458504676819,-1.7546690702438354
5,9,5,-0.032622210681438446,197.18206787109375
5,9,6,-0.0032594178337603807,-2204.169921875
6,0,0,0.172095388174057,0.172095388174057
6,0,1,0.029938265681266785,0.029938265681266785
6,0,2,-3.0163445472717285,-3.0163445472717285
6,0,3,-0.11128749698400497,-0.11128749698400497
6,0,4,-1.5109165906906128,-1.5109165906906128
6,0,5,-0.03312050178647041,-0.03312050178647041
6,0,6,-0.002173475921154022,-0.002173475921154022
6,1,0,0.16787248849868774,0.14691343903541565
6,1,1,0.029452357441186905,0.10672972351312637
6,1,2,-3.0174546241760254,-3.016380786895752
6,1,3,-0.10473961383104324,-0.13475742936134338
6,1,4,-1.3451465368270874,-1.5343040227890015
6,1,5,-0.040558427572250366,0.0034751631319522858
6,1,6,-0.002947877161204815,-1.070188045501709
6,2,0,0.1631399542093277,0.12134170532226562
6,2,1,0.028913162648677826,0.1837749481201172
6,2,2,-3.0186569690704346,-3.034217357635498
6,2,3,-0.12035176157951355,-0.12470917403697968
6,2,4,-1.1786593198776245,-1.5204137563705444
6,2,5,-0.038454025983810425,0.13456763327121735
6,2,6,-0.003212857758626342,-4.093694686889648
6,3,0,0.15794891119003296,0.09600147604942322
6,3,1,0.02832680568099022,0.2572527527809143
6,3,2,-3.0199427604675293,-3.102445602416992
6,3,3,-0.12086152285337448,-0.1487608700990677
6,3,4,-1.0278608798980713,-1.534240961074829
6,3,5,-0.03863910585641861,0.5204408168792725
6,3,6,-0.0034525045193731785,-11.982278823852539
6,4,0,0.15240547060966492,0.07043079286813736
6,4,1,0.027704313397407532,0.3232763707637787
6,4,2,-3.021170139312744,2.9810354709625244
6,4,3,-0.12097230553627014,-0.1495729237794876
6,4,4,-0.915108859539032,-1.515419602394104
6,4,5,-0.037413839250802994,1.6709734201431274
6,4,6,-0.0032847519032657146,-32.82708740234375
6,5,0,0.14660526812076569,0.04517379775643349
6,5,1,0.02706201560795307,0.20578059554100037
6,5,2,-3.0225305557250977,2.433917284011841
6,5,3,-0.1362619251012802,-0.149771049618721
6,5,4,-0.8340030312538147,-1.51719069480896
6,5,5,-0.038145262748003006,5.043366432189941
6,5,6,-0.0036668172106146812,-88.12765502929688
6,6,0,0.14061279594898224,0.01988728530704975
6,6,1,0.026422984898090363,0.01670616865158081
6,6,2,-3.024373769760132,0.9651229381561279
6,6,3,-0.11948200315237045,-0.17332646250724792
6,6,4,-0.7722697854042053,-1.5424708127975464
6,6,5,-0.04638312757015228,14.785684585571289
6,6,6,-0.005053345113992691,-234.0106658935547
6,7,0,0.13448761403560638,-0.0058205630630254745
6,7,1,0.02577129751443863,-0.38821321725845337
6,7,2,-3.025895118713379,-2.9350550174713135
6,7,3,-0.10855520516633987,-0.1475330889225006
6,7,4,-0.7293519377708435,-1.5575788021087646
6,7,5,-0.04129519313573837,42.332618713378906
6,7,6,-0.004128993023186922,-612.9501342773438
6,8,0,0.12826824188232422,-0.03178021311759949
6,8,1,0.025105930864810944,-1.4109601974487305
6,8,2,-3.027113676071167,-0.5845201015472412
6,8,3,-0.09732519835233688,-0.130746528506279
6,8,4,-0.6998458504676819,-1.5803292989730835
6,8,5,-0.032622210681438446,119.31983184814453
6,8,6,-0.0032594178337603807,-1592.999267578125
6,9,0,0.1219777837395668,-0.058119036257267
6,9,1,0.024428924545645714,-4.538308620452881
6,9,2,-3.0280861854553223,-2.0017688274383545
6,9,3,-0.09392146021127701,-0.11349339783191681
6,9,4,-0.6766253709793091,-1.553844928741455
6,9,5,-0.027952484786510468,331.1427307128906
6,9,6,-0.0025528024416416883,-4101.02294921875
7,0,0,0.16787248849868774,0.16787248849868774
7,0,1,0.029452357441186905,0.029452357441186905
7,0,2,-3.0174546241760254,-3.0174546241760254
7,0,3,-0.10473961383104324,-0.10473961383104324
7,0,4,-1.3451465368270874,-1.3451465368270874
7,0,5,-0.040558427572250366,-0.040558427572250366
7,0,6,-0.002947877161204815,-0.002947877161204815
7,1,0,0.1631399542093277,0.14545337855815887
7,1,1,0.028913162648677826,0.09801028668880463
7,1,2,-3.0186569690704346,-3.0175037384033203
7,1,3,-0.12035176157951355,-0.09469136595726013
7,1,4,-1.1786593198776245,-1.3312562704086304
7,1,5,-0.038454025983810425,-0.018974529579281807
7,1,6,-0.003212857758626342,-1.0102061033248901
7,2,0,0.15794891119003296,0.12326577305793762
7,2,1,0.02832680568099022,0.1653824746608734
7,2,2,-3.0199427604675293,-3.0343406200408936
7,2,3,-0.12086152285337448,-0.11874306201934814
7,2,4,-1.0278608798980713,-1.345083475112915
7,2,5,-0.03863910585641861,0.050128862261772156
7,2,6,-0.0034525045193731785,-3.803007125854492
7,3,0,0.15240547060966492,0.10084771364927292
7,3,1,0.027704313397407532,0.23228269815444946
7,3,2,-3.021170139312744,-3.097723960876465
7,3,3,-0.12097230553627014,-0.11955512315034866
7,3,4,-0.915108859539032,-1.32626211643219
7,3,5,-0.037413839250802994,0.3131651282310486
7,3,6,-0.0032847519032657146,-11.969882011413574
7,4,0,0.14660526812076569,0.0787433460354805
7,4,1,0.02706201560795307,0.2938336133956909
7,4,2,-3.0225305557250977,2.9859635829925537
7,4,3,-0.1362619251012802,-0.11975324153900146
7,4,4,-0.8340030312538147,-1.328033208847046
7,4,5,-0.038145262748003006,1.2023022174835205
7,4,6,-0.0036668172106146812,-35.557769775390625
7,5,0,0.14061279594898224,0.05660945922136307
7,5,1,0.026422984898090363,0.20113101601600647
7,5,2,-3.024373769760132,2.393333673477173
7,5,3,-0.11948200315237045,-0.14330865442752838
7,5,4,-0.7722697854042053,-1.3533133268356323
7,5,5,-0.04638312757015228,4.125818252563477
7,5,6,-0.005053345113992691,-103.28759002685547
7,6,0,0.13448761403560638,0.034054234623909
7,6,1,0.02577129751443863,0.054090097546577454
7,6,2,-3.025895118713379,0.6718738079071045
7,6,3,-0.10855520516633987,-0.11751527339220047
7,6,4,-0.7293519377708435,-1.3684213161468506
7,6,5,-0.04129519313573837,13.454017639160156
7,6,6,-0.004128993023186922,-294.4585266113281
7,7,0,0.12826824188232422,0.011247212067246437
7,7,1,0.025105930864810944,-0.2680794596672058
7,7,2,-3.027113676071167,2.047416925430298
7,7,3,-0.09732519835233688,-0.10072872042655945
7,7,4,-0.6998458504676819,-1.3911718130111694
7,7,5,-0.032622210681438446,42.579410552978516
7,7,6,-0.0032594178337603807,-830.70263671875
7,8,0,0.1219777837395668,-0.01193898543715477
7,8,1,0.024428924545645714,-1.3028059005737305
7,8,2,-3.0280861854553223,0.7687427997589111
7,8,3,-0.09392146021127701,-0.08347558975219727
7,8,4,-0.6766253709793091,-1.364687442779541
7,8,5,-0.027952484786510468,131.57659912109375
7,8,6,-0.0025528024416416883,-2316.6162109375
7,9,0,0.11563580483198166,-0.03468377888202667
7,9,1,0.023732321336865425,-4.3129730224609375
7,9,2,-3.028496265411377,-0.14241576194763184
7,9,3,-0.11104453355073929,-0.07826556265354156
7,9,4,-0.6571980714797974,-1.389655351638794
7,9,5,0.003733663819730282,406.7201232910156
7,9,6,-0.000937583448830992,-6538.92578125
8,0,0,0.1631399542093277,0.1631399542093277
8,0,1,0.028913162648677826,0.028913162648677826
8,0,2,-3.0186569690704346,-3.0186569690704346
8,0,3,-0.12035176157951355,-0.12035176157951355
8,0,4,-1.1786593198776245,-1.1786593198776245
8,0,5,-0.038454025983810425,-0.038454025983810425
8,0,6,-0.003212857758626342,-0.003212857758626342
8,1,0,0.15794891119003296,0.14349563419818878
8,1,1,0.02832680568099022,0.08896803855895996
8,1,2,-3.0199427604675293,-3.0187106132507324
8,1,3,-0.12086152285337448,-0.14440345764160156
8,1,4,-1.0278608798980713,-1.1924865245819092
8,1,5,-0.03863910585641861,0.006797365844249725
8,1,6,-0.0034525045193731785,-1.1611262559890747
8,2,0,0.15240547060966492,0.12362086027860641
8,2,1,0.027704313397407532,0.1488291323184967
8,2,2,-3.021170139312744,-3.038062810897827
8,2,3,-0.12097230553627014,-0.14521551132202148
8,2,4,-0.915108859539032,-1.173665165901184
8,2,5,-0.037413839250802994,0.1886211633682251
8,2,6,-0.0032847519032657146,-4.9637451171875
8,3,0,0.14660526812076569,0.10405977070331573
8,3,1,0.02706201560795307,0.2045673131942749
8,3,2,-3.0225305557250977,-3.1207919120788574
8,3,3,-0.1362619251012802,-0.14541363716125488
8,3,4,-0.8340030312538147,-1.17543625831604
8,3,5,-0.038145262748003006,0.8172162771224976
8,3,6,-0.0036668172106146812,-16.870189666748047
8,4,0,0.14061279594898224,0.08446916937828064
8,4,1,0.026422984898090363,0.24969574809074402
8,4,2,-3.024373769760132,2.8812239170074463
8,4,3,-0.11948200315237045,-0.1689690500497818
8,4,4,-0.7722697854042053,-1.2007163763046265
8,4,5,-0.04638312757015228,2.9551749229431152
8,4,6,-0.005053345113992691,-53.952789306640625
8,5,0,0.13448761403560638,0.0644572302699089
8,5,1,0.02577129751443863,0.13289806246757507
8,5,2,-3.025895118713379,1.9820106029510498
8,5,3,-0.10855520516633987,-0.14317567646503448
8,5,4,-0.7293519377708435,-1.2158243656158447
8,5,5,-0.04129519313573837,10.062986373901367
8,5,6,-0.004128993023186922,-167.31195068359375
8,6,0,0.12826824188232422,0.04419349133968353
8,6,1,0.025105930864810944,-0.11117863655090332
8,6,2,-3.027113676071167,-0.8065221309661865
8,6,3,-0.09732519835233688,-0.12638911604881287
8,6,4,-0.6998458504676819,-1.2385748624801636
8,6,5,-0.032622210681438446,33.294471740722656
8,6,6,-0.0032594178337603807,-510.8995666503906
8,7,0,0.1219777837395668,0.023550575599074364
8,7,1,0.024428924545645714,-0.7818246483802795
8,7,2,-3.0280861854553223,-3.038330316543579
8,7,3,-0.09392146021127701,-0.10913598537445068
8,7,4,-0.6766253709793091,-1.2120904922485352
8,7,5,-0.027952484786510468,107.86093139648438
8,7,6,-0.0025528024416416883,-1537.902587890625
8,8,0,0.11563580483198166,0.0033490657806396484
8,8,1,0.023732321336865425,-2.8993992805480957
8,8,2,-3.028496265411377,2.745884656906128
8,8,3,-0.11104453355073929,-0.10392595827579498
8,8,4,-0.6571980714797974,-1.237058401107788
8,8,5,0.003733663819730282,351.844970703125
8,8,6,-0.000937583448830992,-4694.2470703125
8,9,0,0.10925240814685822,-0.017268575727939606
8,9,1,0.023023875430226326,-10.210226058959961
8,9,2,-3.0289270877838135,-0.09334254264831543
8,9,3,-0.11536853760480881,-0.13030268251895905
8,9,4,-0.6436632871627808,-1.2492897510528564
8,9,5,0.012828417122364044,1127.7271728515625
8,9,6,-0.0009971527615562081,-14131.99609375
9,0,0,0.15794891119003296,0.15794891119003296
9,0,1,0.02832680568099022,0.02832680568099022
9,0,2,-3.0199427604675293,-3.0199427604675293
9,0,3,-0.12086152285337448,-0.12086152285337448
9,0,4,-1.0278608798980713,-1.0278608798980713
9,0,5,-0.03863910585641861,-0.03863910585641861
9,0,6,-0.0034525045193731785,-0.0034525045193731785
9,1,0,0.15240547060966492,0.14081789553165436
9,1,1,0.027704313397407532,0.08072341978549957
9,1,2,-3.021170139312744,-3.0200002193450928
9,1,3,-0.12097230553627014,-0.121673583984375
9,1,4,-0.915108859539032,-1.0090395212173462
9,1,5,-0.037413839250802994,0.013413835316896439
9,1,6,-0.0032847519032657146,-1.1678158044815063
9,2,0,0.14660526812076569,0.12400057166814804
9,2,1,0.02706201560795307,0.131286159157753
9,2,2,-3.0225305557250977,-3.039463758468628
9,2,3,-0.1362619251012802,-0.1218717023730278
9,2,4,-0.8340030312538147,-1.0108106136322021
9,2,5,-0.038145262748003006,0.2133457511663437
9,2,6,-0.0036668172106146812,-5.209741592407227
9,3,0,0.14061279594898224,0.10715372860431671
9,3,1,0.026422984898090363,0.17889733612537384
9,3,2,-3.024373769760132,-3.1262927055358887
9,3,3,-0.11948200315237045,-0.14542710781097412
9,3,4,-0.7722697854042053,-1.0360907316207886
9,3,5,-0.04638312757015228,0.9656562209129333
9,3,6,-0.005053345113992691,-19.19261932373047
9,4,0,0.13448761403560638,0.08988554775714874
9,4,1,0.02577129751443863,0.2162075936794281
9,4,2,-3.025895118713379,2.8370158672332764
9,4,3,-0.10855520516633987,-0.11963372677564621
9,4,4,-0.7293519377708435,-1.0511987209320068
9,4,5,-0.04129519313573837,3.7434284687042236
9,4,6,-0.004128993023186922,-66.64990234375
9,5,0,0.12826824188232422,0.07236556708812714
9,5,1,0.025105930864810944,0.10091834515333176
9,5,2,-3.027113676071167,1.7261841297149658
9,5,3,-0.09732519835233688,-0.10284717381000519
9,5,4,-0.6998458504676819,-1.0739492177963257
9,5,5,-0.032622210681438446,13.727425575256348
9,5,6,-0.0032594178337603807,-225.46873474121094
9,6,0,0.1219777837395668,0.05446641147136688
9,6,1,0.024428924545645714,-0.17568817734718323
9,6,2,-3.0280861854553223,-2.031628370285034
9,6,3,-0.09392146021127701,-0.085594043135643
9,6,4,-0.6766253709793091,-1.0474648475646973
9,6,5,-0.027952484786510468,48.95100784301758
9,6,6,-0.0025528024416416883,-748.5474853515625
9,7,0,0.11563580483198166,0.03700866550207138
9,7,1,0.023732321336865425,-0.9947948455810547
9,7,2,-3.028496265411377,-1.941049337387085
9,7,3,-0.11104453355073929,-0.0803840160369873
9,7,4,-0.6571980714797974,-1.0724327564239502
9,7,5,0.003733663819730282,176.13929748535156
9,7,6,-0.000937583448830992,-2526.52783203125
9,8,0,0.10925240814685822,0.01913478597998619
9,8,1,0.023023875430226326,-4.108393669128418
9,8,2,-3.0289270877838135,-0.06754708290100098
9,8,3,-0.11536853760480881,-0.10676074028015137
9,8,4,-0.6436632871627808,-1.0846641063690186
9,8,5,0.012828417122364044,621.1453857421875
9,8,6,-0.0009971527615562081,-8385.9921875
9,9,0,0.1028321161866188,0.0010570492595434189
9,9,1,0.022346053272485733,-15.336074829101562
9,9,2,-3.030322790145874,-1.6040170192718506
9,9,3,-0.10124953091144562,-0.11344218999147415
9,9,4,-0.6305007934570312,-1.085026741027832
9,9,5,-0.009945391677320004,2165.485107421875
9,9,6,-0.003768153488636017,-27613.775390625
10,0,0,0.15240547060966492,0.15240547060966492
10,0,1,0.027704313397407532,0.027704313397407532
10,0,2,-3.021170139312744,-3.021170139312744
10,0,3,-0.12097230553627014,-0.12097230553627014
10,0,4,-0.915108859539032,-0.915108859539032
10,0,5,-0.037413839250802994,-0.037413839250802994
10,0,6,-0.0032847519032657146,-0.0032847519032657146
10,1,0,0.14660526812076569,0.13715365529060364
10,1,1,0.02706201560795307,0.07435327023267746
10,1,2,-3.0225305557250977,-3.0212249755859375
10,1,3,-0.1362619251012802,-0.12117042392492294
10,1,4,-0.8340030312538147,-0.9168800115585327
10,1,5,-0.038145262748003006,0.024474922567605972
10,1,6,-0.0036668172106146812,-1.169281005859375
10,2,0,0.14061279594898224,0.12187232077121735
10,2,1,0.026422984898090363,0.12014761567115784
10,2,2,-3.024373769760132,-3.04071307182312
10,2,3,-0.11948200315237045,-0.14472582936286926
10,2,4,-0.7722697854042053,-0.9421601295471191
10,2,5,-0.04638312757015228,0.27148452401161194
10,2,6,-0.005053345113992691,-5.499663352966309
10,3,0,0.13448761403560638,0.10616964846849442
10,3,1,0.02577129751443863,0.16363190114498138
10,3,2,-3.025895118713379,-3.1323740482330322
10,3,3,-0.10855520516633987,-0.11893244832754135
10,3,4,-0.7293519377708435,-0.9572681188583374
10,3,5,-0.04129519313573837,1.2582013607025146
10,3,6,-0.004128993023186922,-21.400310516357422
10,4,0,0.12826824188232422,0.09021517634391785
10,4,1,0.025105930864810944,0.19353333115577698
10,4,2,-3.027113676071167,2.7941396236419678
10,4,3,-0.09732519835233688,-0.10214589536190033
10,4,4,-0.6998458504676819,-0.9800185561180115
10,4,5,-0.032622210681438446,4.990708827972412
10,4,6,-0.0032594178337603807,-78.132568359375
10,5,0,0.1219777837395668,0.07388153672218323
10,5,1,0.024428924545645714,0.0663783997297287
10,5,2,-3.0280861854553223,1.4919302463531494
10,5,3,-0.09392146021127701,-0.08489276468753815
10,5,4,-0.6766253709793091,-0.9535342454910278
10,5,5,-0.027952484786510468,18.909996032714844
10,5,6,-0.0025528024416416883,-277.37396240234375
10,6,0,0.11563580483198166,0.057989299297332764
10,6,1,0.023732321336865425,-0.2578538656234741
10,6,2,-3.028496265411377,-3.130969285964966
10,6,3,-0.11104453355073929,-0.07968273758888245
10,6,4,-0.6571980714797974,-0.978502094745636
10,6,5,0.003733663819730282,72.27877807617188
10,6,6,-0.000937583448830992,-1001.5823364257812
10,7,0,0.10925240814685822,0.04168093204498291
10,7,1,0.023023875430226326,-1.3855419158935547
10,7,2,-3.0289270877838135,-0.9744532108306885
10,7,3,-0.11536853760480881,-0.10605946183204651
10,7,4,-0.6436632871627808,-0.9907335042953491
10,7,5,0.012828417122364044,270.2298889160156
10,7,6,-0.0009971527615562081,-3547.837646484375
10,8,0,0.1028321161866188,0.025168705731630325
10,8,1,0.022346053272485733,-5.83154821395874
10,8,2,-3.030322790145874,2.7267725467681885
10,8,3,-0.10124953091144562,-0.1127409115433693
10,8,4,-0.6305007934570312,-0.9910961389541626
10,8,5,-0.009945391677320004,998.4293212890625
10,8,6,-0.003768153488636017,-12454.26171875
10,9,0,0.09636484831571579,0.008650435134768486
10,9,1,0.021655166521668434,-22.368913650512695
10,9,2,-3.0309715270996094,2.5008456707000732
10,9,3,-0.10846135020256042,-0.0910421758890152
10,9,4,-0.6186791658401489,-0.9912900328636169
10,9,5,-0.004546911455690861,3676.78662109375
10,9,6,-0.001622973126359284,-43705.28125
11,0,0,0.14660526812076569,0.14660526812076569
11,0,1,0.02706201560795307,0.02706201560795307
11,0,2,-3.0225305557250977,-3.0225305557250977
11,0,3,-0.1362619251012802,-0.1362619251012802
11,0,4,-0.8340030312538147,-0.8340030312538147
11,0,5,-0.038145262748003006,-0.038145262748003006
11,0,6,-0.0036668172106146812,-0.0036668172106146812
11,1,0,0.14061279594898224,0.1327052116394043
11,1,1,0.026422984898090363,0.06960556656122208
11,1,2,-3.024373769760132,-3.0225915908813477
11,1,3,-0.11948200315237045,-0.15981733798980713
11,1,4,-0.7722697854042053,-0.8592831492424011
11,1,5,-0.04638312757015228,0.0500929169356823
11,1,6,-0.005053345113992691,-1.317911982536316
11,2,0,0.13448761403560638,0.11838382482528687
11,2,1,0.02577129751443863,0.11217586696147919
11,2,2,-3.025895118713379,-3.0445568561553955
11,2,3,-0.10855520516633987,-0.13402396440505981
11,2,4,-0.7293519377708435,-0.8743911385536194
11,2,5,-0.04129519313573837,0.44309863448143005
11,2,6,-0.004128993023186922,-6.66066837310791
11,3,0,0.12826824188232422,0.1038106381893158
11,3,1,0.025105930864810944,0.1500874012708664
11,3,2,-3.027113676071167,3.127617120742798
11,3,3,-0.09732519835233688,-0.11723741143941879
11,3,4,-0.6998458504676819,-0.8971415758132935
11,3,5,-0.032622210681438446,1.9848724603652954
11,3,6,-0.0032594178337603807,-26.886024475097656
11,4,0,0.1219777837395668,0.08885827660560608
11,4,1,0.024428924545645714,0.07364361733198166
11,4,2,-3.0280861854553223,2.6795170307159424
11,4,3,-0.09392146021127701,-0.09998427331447601
11,4,4,-0.6766253709793091,-0.8706572651863098
11,4,5,-0.027952484786510468,8.0192289352417
11,4,6,-0.0025528024416416883,-102.53418731689453
11,5,0,0.11563580483198166,0.07434732466936111
11,5,1,0.023732321336865425,-0.08160539716482162
11,5,2,-3.028496265411377,0.9706137180328369
11,5,3,-0.11104453355073929,-0.09477424621582031
11,5,4,-0.6571980714797974,-0.895625114440918
11,5,5,0.003733663819730282,32.45781707763672
11,5,6,-0.000937583448830992,-396.3561706542969
11,6,0,0.10925240814685822,0.05942023918032646
11,6,1,0.023023875430226326,-0.5805944800376892
11,6,2,-3.0289270877838135,0.6478629112243652
11,6,3,-0.11536853760480881,-0.12115097045898438
11,6,4,-0.6436632871627808,-0.9078565239906311
11,6,5,0.012828417122364044,128.0731201171875
11,6,6,-0.0009971527615562081,-1497.8040771484375
11,7,0,0.1028321161866188,0.044289298355579376
11,7,1,0.022346053272485733,-2.528264284133911
11,7,2,-3.030322790145874,0.8172028064727783
11,7,3,-0.10124953091144562,-0.12783242762088776
11,7,4,-0.6305007934570312,-0.9082191586494446
11,7,5,-0.009945391677320004,499.17919921875
11,7,6,-0.003768153488636017,-5601.80419921875
11,8,0,0.09636484831571579,0.029152311384677887
11,8,1,0.021655166521668434,-10.09670352935791
11,8,2,-3.0309715270996094,1.7015721797943115
11,8,3,-0.10846135020256042,-0.10613369196653366
11,8,4,-0.6186791658401489,-0.9084130525588989
11,8,5,-0.004546911455690861,1940.6683349609375
11,8,6,-0.001622973126359284,-20941.57421875
11,9,0,0.08988355845212936,0.014012092724442482
11,9,1,0.02100449800491333,-39.504608154296875
11,9,2,-3.0328664779663086,-1.7494661808013916
11,9,3,-0.11221645027399063,-0.11725892871618271
11,9,4,-0.6146021485328674,-0.8951582312583923
11,9,5,-0.035042498260736465,7529.18212890625
11,9,6,-0.005201925989240408,-78271.390625
12,0,0,0.14061279594898224,0.14061279594898224
12,0,1,0.026422984898090363,0.026422984898090363
12,0,2,-3.024373769760132,-3.024373769760132
12,0,3,-0.11948200315237045,-0.11948200315237045
12,0,4,-0.7722697854042053,-0.7722697854042053
12,0,5,-0.04638312757015228,-0.04638312757015228
12,0,6,-0.005053345113992691,-0.005053345113992691
12,1,0,0.13448761403560638,0.12774163484573364
12,1,1,0.02577129751443863,0.06594720482826233
12,1,2,-3.025895118713379,-3.0244579315185547
12,1,3,-0.10855520516633987,-0.09368862211704254
12,1,4,-0.7293519377708435,-0.7873777747154236
12,1,5,-0.04129519313573837,-0.0038782618939876556
12,1,6,-0.004128993023186922,-1.1641416549682617
12,2,0,0.12826824188232422,0.11461867392063141
12,2,1,0.025105930864810944,0.1056879535317421
12,2,2,-3.027113676071167,-3.0438601970672607
12,2,3,-0.09732519835233688,-0.07690206915140152
12,2,4,-0.6998458504676819,-0.8101282119750977
12,2,5,-0.032622210681438446,0.14935342967510223
12,2,6,-0.0032594178337603807,-5.73704719543457
12,3,0,0.1219777837395668,0.10111653804779053
12,3,1,0.024428924545645714,0.14476998150348663
12,3,2,-3.0280861854553223,-3.1394777297973633
12,3,3,-0.09392146021127701,-0.05964893475174904
12,3,4,-0.6766253709793091,-0.783643901348114
12,3,5,-0.027952484786510468,0.813511073589325
12,3,6,-0.0025528024416416883,-24.083499908447266
12,4,0,0.11563580483198166,0.0880558043718338
12,4,1,0.023732321336865425,0.17514881491661072
12,4,2,-3.028496265411377,2.7423160076141357
12,4,3,-0.11104453355073929,-0.05443890765309334
12,4,4,-0.6571980714797974,-0.8086117506027222
12,4,5,0.003733663819730282,3.8542144298553467
12,4,6,-0.000937583448830992,-101.08120727539062
12,5,0,0.10925240814685822,0.07457894086837769
12,5,1,0.023023875430226326,0.08624827861785889
12,5,2,-3.0289270877838135,1.057628870010376
12,5,3,-0.11536853760480881,-0.0808156356215477
12,5,4,-0.6436632871627808,-0.8208431601524353
12,5,5,0.012828417122364044,17.311199188232422
12,5,6,-0.0009971527615562081,-412.4708251953125
12,6,0,0.1028321161866188,0.06089822202920914
12,6,1,0.022346053272485733,-0.16505050659179688
12,6,2,-3.030322790145874,0.46630048751831055
12,6,3,-0.10124953091144562,-0.08749708533287048
12,6,4,-0.6305007934570312,-0.8212057948112488
12,6,5,-0.009945391677320004,76.02854919433594
12,6,6,-0.003768153488636017,-1662.869873046875
12,7,0,0.09636484831571579,0.047211457043886185
12,7,1,0.021655166521668434,-1.21201753616333
12,7,2,-3.0309715270996094,-2.1154563426971436
12,7,3,-0.10846135020256042,-0.06579834967851639
12,7,4,-0.6186791658401489,-0.8213996887207031
12,7,5,-0.004546911455690861,330.9301452636719
12,7,6,-0.001622973126359284,-6699.330078125
12,8,0,0.08988355845212936,0.033521462231874466
12,8,1,0.02100449800491333,-5.713489055633545
12,8,2,-3.0328664779663086,-0.6736257076263428
12,8,3,-0.11221645027399063,-0.07692358642816544
12,8,4,-0.6146021485328674,-0.8081448674201965
12,8,5,-0.035042498260736465,1430.7611083984375
12,8,6,-0.005201925989240408,-26982.5703125
12,9,0,0.08338207751512527,0.020052380859851837
12,9,1,0.020344847813248634,-24.97545623779297
12,9,2,-3.0338220596313477,2.0062153339385986
12,9,3,-0.10721449553966522,-0.08272960036993027
12,9,4,-0.6067686080932617,-0.8055467009544373
12,9,5,-0.02699504792690277,6222.5595703125
12,9,6,-0.002504188334569335,-110014.4765625
13,0,0,0.13448761403560638,0.13448761403560638
13,0,1,0.02577129751443863,0.02577129751443863
13,0,2,-3.025895118713379,-3.025895118713379
13,0,3,-0.10855520516633987,-0.10855520516633987
13,0,4,-0.7293519377708435,-0.7293519377708435
13,0,5,-0.04129519313573837,-0.04129519313573837
13,0,6,-0.004128993023186922,-0.004128993023186922
13,1,0,0.12826824188232422,0.12233174592256546
13,1,1,0.025105930864810944,0.06305564939975739
13,1,2,-3.027113676071167,-3.0259640216827393
13,1,3,-0.09732519835233688,-0.09176865220069885
13,1,4,-0.6998458504676819,-0.7521023750305176
13,1,5,-0.032622210681438446,0.0024279430508613586
13,1,6,-0.0032594178337603807,-1.0565109252929688
13,2,0,0.1219777837395668,0.10979670286178589
13,2,1,0.024428924545645714,0.1009557917714119
13,2,2,-3.0280861854553223,-3.043572425842285
13,2,3,-0.09392146021127701,-0.07451552152633667
13,2,4,-0.6766253709793091,-0.7256180644035339
13,2,5,-0.027952484786510468,0.1775759756565094
13,2,6,-0.0025528024416416883,-5.427620887756348
13,3,0,0.11563580483198166,0.09770306944847107
13,3,1,0.023732321336865425,0.13561610877513885
13,3,2,-3.028496265411377,-3.134032726287842
13,3,3,-0.11104453355073929,-0.06930549442768097
13,3,4,-0.6571980714797974,-0.7505859136581421
13,3,5,0.003733663819730282,0.9941481351852417
13,3,6,-0.000937583448830992,-24.741863250732422
13,4,0,0.10925240814685822,0.08519330620765686
13,4,1,0.023023875430226326,0.16238556802272797
13,4,2,-3.0289270877838135,2.736788034439087
13,4,3,-0.11536853760480881,-0.09568221867084503
13,4,4,-0.6436632871627808,-0.7628173232078552
13,4,5,0.012828417122364044,4.76806640625
13,4,6,-0.0009971527615562081,-107.37928771972656
13,5,0,0.1028321161866188,0.07247968018054962
13,5,1,0.022346053272485733,0.06697168201208115
13,5,2,-3.030322790145874,0.9471333026885986
13,5,3,-0.10124953091144562,-0.10236366838216782
13,5,4,-0.6305007934570312,-0.7631799578666687
13,5,5,-0.009945391677320004,22.041133880615234
13,5,6,-0.003768153488636017,-458.35809326171875
13,6,0,0.09636484831571579,0.05976001173257828
13,6,1,0.021655166521668434,-0.2254314124584198
13,6,2,-3.0309715270996094,-0.4089827537536621
13,6,3,-0.10846135020256042,-0.08066493272781372
13,6,4,-0.6186791658401489,-0.763373851776123
13,6,5,-0.004546911455690861,100.67471313476562
13,6,6,-0.001622973126359284,-1952.905029296875
13,7,0,0.08988355845212936,0.04703711345791817
13,7,1,0.02100449800491333,-1.501102089881897
13,7,2,-3.0328664779663086,-1.5414745807647705
13,7,3,-0.11221645027399063,-0.09179016947746277
13,7,4,-0.6146021485328674,-0.7501190304756165
13,7,5,-0.035042498260736465,456.79150390625
13,7,6,-0.005201925989240408,-8315.634765625
13,8,0,0.08338207751512527,0.03453512862324715
13,8,1,0.020344847813248634,-7.192630767822266
13,8,2,-3.0338220596313477,-1.9053170680999756
13,8,3,-0.10721449553966522,-0.0975961834192276
13,8,4,-0.6067686080932617,-0.7475208640098572
13,8,5,-0.02699504792690277,2089.0068359375
13,8,6,-0.002504188334569335,-35884.953125
13,9,0,0.07685978710651398,0.022076446563005447
13,9,1,0.01969887502491474,-33.195167541503906
13,9,2,-3.035242795944214,-3.0852854251861572
13,9,3,-0.1049724891781807,-0.0899268090724945
13,9,4,-0.6019539833068848,-0.7448104619979858
13,9,5,-0.03398718312382698,9540.95703125
13,9,6,-0.0038400476332753897,-155267.125
14,0,0,0.12826824188232422,0.12826824188232422
14,0,1,0.025105930864810944,0.025105930864810944
14,0,2,-3.027113676071167,-3.027113676071167
14,0,3,-0.09732519835233688,-0.09732519835233688
14,0,4,-0.6998458504676819,-0.6998458504676819
14,0,5,-0.032622210681438446,-0.032622210681438446
14,0,6,-0.0032594178337603807,-0.0032594178337603807
14,1,0,0.1219777837395668,0.11660414189100266
14,1,1,0.024428924545645714,0.06079498678445816
14,1,2,-3.0280861854553223,-3.027168035507202
14,1,3,-0.09392146021127701,-0.0800720602273941
14,1,4,-0.6766253709793091,-0.6733615398406982
14,1,5,-0.027952484786510468,0.02364315092563629
14,1,6,-0.0025528024416416883,-0.9457327127456665
14,2,0,0.11563580483198166,0.10538145154714584
14,2,1,0.023732321336865425,0.09450262784957886
14,2,2,-3.028496265411377,-3.0429303646087646
14,2,3,-0.11104453355073929,-0.0748620331287384
14,2,4,-0.6571980714797974,-0.6983293890953064
14,2,5,0.003733663819730282,0.27133607864379883
14,2,6,-0.000937583448830992,-5.204348564147949
14,3,0,0.10925240814685822,0.09374262392520905
14,3,1,0.023023875430226326,0.12676072120666504
14,3,2,-3.0289270877838135,-3.129669427871704
14,3,3,-0.11536853760480881,-0.10123875737190247
14,3,4,-0.6436632871627808,-0.7105607986450195
14,3,5,0.012828417122364044,1.442450761795044
14,3,6,-0.0009971527615562081,-24.453697204589844
14,4,0,0.1028321161866188,0.08189994096755981
14,4,1,0.022346053272485733,0.14674191176891327
14,4,2,-3.030322790145874,2.745954751968384
14,4,3,-0.10124953091144562,-0.10792020708322525
14,4,4,-0.6305007934570312,-0.710923433303833
14,4,5,-0.009945391677320004,7.00334358215332
14,4,6,-0.003768153488636017,-111.00557708740234
14,5,0,0.09636484831571579,0.07005121558904648
14,5,1,0.021655166521668434,0.031225167214870453
14,5,2,-3.0309715270996094,0.8958618640899658
14,5,3,-0.10846135020256042,-0.08622147142887115
14,5,4,-0.6186791658401489,-0.7111173272132874
14,5,5,-0.004546911455690861,33.19929504394531
14,5,6,-0.001622973126359284,-500.3392028808594
14,6,0,0.08988355845212936,0.058199260383844376
14,6,1,0.02100449800491333,-0.3728691339492798
14,6,2,-3.0328664779663086,-1.1599400043487549
14,6,3,-0.11221645027399063,-0.0973467081785202
14,6,4,-0.6146021485328674,-0.6978625059127808
14,6,5,-0.035042498260736465,156.18463134765625
14,6,6,-0.005201925989240408,-2250.890625
14,7,0,0.08338207751512527,0.04656821861863136
14,7,1,0.020344847813248634,-2.1759679317474365
14,7,2,-3.0338220596313477,-0.9756715297698975
14,7,3,-0.10721449553966522,-0.10315272212028503
14,7,4,-0.6067686080932617,-0.6952643394470215
14,7,5,-0.02699504792690277,742.750732421875
14,7,6,-0.002504188334569335,-10272.876953125
14,8,0,0.07685978710651398,0.03498047962784767
14,8,1,0.01969887502491474,-10.771464347839355
14,8,2,-3.035242795944214,-2.5443060398101807
14,8,3,-0.1049724891781807,-0.09548334777355194
14,8,4,-0.6019539833068848,-0.6925539374351501
14,8,5,-0.03398718312382698,3534.15234375
14,8,6,-0.0038400476332753897,-47018.0859375
14,9,0,0.07031873613595963,0.02343791350722313
14,9,1,0.019029833376407623,-51.53528594970703
14,9,2,-3.035651922225952,-0.7809441089630127
14,9,3,-0.10243839770555496,-0.09206099063158035
14,9,4,-0.5959895849227905,-0.6671615242958069
14,9,5,-0.0030333437025547028,16833.2421875
14,9,6,-0.0009348446037620306,-215852.40625
15,0,0,0.1219777837395668,0.1219777837395668
15,0,1,0.024428924545645714,0.024428924545645714
15,0,2,-3.0280861854553223,-3.0280861854553223
15,0,3,-0.09392146021127701,-0.09392146021127701
15,0,4,-0.6766253709793091,-0.6766253709793091
15,0,5,-0.027952484786510468,-0.027952484786510468
15,0,6,-0.0025528024416416883,-0.0025528024416416883
15,1,0,0.11563580483198166,0.11070069670677185
15,1,1,0.023732321336865425,0.0588921457529068
15,1,2,-3.028496265411377,-3.0281286239624023
15,1,3,-0.11104453355073929,-0.08871143311262131
15,1,4,-0.6571980714797974,-0.7015932202339172
15,1,5,0.003733663819730282,0.04098746180534363
15,1,6,-0.000937583448830992,-0.9102705717086792
15,2,0,0.10925240814685822,0.09900747239589691
15,2,1,0.023023875430226326,0.0938214510679245
15,2,2,-3.0289270877838135,-3.043299913406372
15,2,3,-0.11536853760480881,-0.11508815735578537
15,2,4,-0.6436632871627808,-0.7138246297836304
15,2,5,0.012828417122364044,0.35448557138442993
15,2,6,-0.0009971527615562081,-4.985276699066162
15,3,0,0.1028321161866188,0.08711039274930954
15,3,1,0.022346053272485733,0.12581048905849457
15,3,2,-3.030322790145874,-3.12638783454895
15,3,3,-0.10124953091144562,-0.12176960706710815
15,3,4,-0.6305007934570312,-0.7141872644424438
15,3,5,-0.009945391677320004,1.8531911373138428
15,3,6,-0.003768153488636017,-23.4538631439209
15,4,0,0.09636484831571579,0.07520727068185806
15,4,1,0.021655166521668434,0.1409655064344406
15,4,2,-3.0309715270996094,2.765899896621704
15,4,3,-0.10846135020256042,-0.10007087141275406
15,4,4,-0.6186791658401489,-0.7143811583518982
15,4,5,-0.004546911455690861,8.816974639892578
15,4,6,-0.001622973126359284,-106.28606414794922
15,5,0,0.08988355845212936,0.06330091506242752
15,5,1,0.02100449800491333,0.0030557066202163696
15,5,2,-3.0328664779663086,0.9944651126861572
15,5,3,-0.11221645027399063,-0.1111961081624031
15,5,4,-0.6146021485328674,-0.7011263370513916
15,5,5,-0.035042498260736465,41.02922058105469
15,5,6,-0.005201925989240408,-477.23602294921875
15,6,0,0.08338207751512527,0.05161547660827637
15,6,1,0.020344847813248634,-0.488009512424469
15,6,2,-3.0338220596313477,-0.6762833595275879
15,6,3,-0.10721449553966522,-0.11700212210416794
15,6,4,-0.6067686080932617,-0.6985281705856323
15,6,5,-0.02699504792690277,192.69554138183594
15,6,6,-0.002504188334569335,-2171.0146484375
15,7,0,0.07685978710651398,0.039973340928554535
15,7,1,0.01969887502491474,-2.7235238552093506
15,7,2,-3.035242795944214,0.8392508029937744
15,7,3,-0.1049724891781807,-0.10933274030685425
15,7,4,-0.6019539833068848,-0.695817768573761
15,7,5,-0.03398718312382698,905.6296997070312
15,7,6,-0.0038400476332753897,-9901.1787109375
15,8,0,0.07031873613595963,0.028376378118991852
15,8,1,0.019029833376407623,-13.235811233520508
15,8,2,-3.035651922225952,-0.8175885677337646
15,8,3,-0.10243839770555496,-0.10591038316488266
15,8,4,-0.5959895849227905,-0.6704253554344177
15,8,5,-0.0030333437025547028,4262.8515625
15,8,6,-0.0009348446037620306,-45288.7890625
15,9,0,0.06377170979976654,0.017202621325850487
15,9,1,0.018401827663183212,-60.858741760253906
15,9,2,-3.0375611782073975,-1.6484706401824951
15,9,3,-0.11635027825832367,-0.10203856974840164
15,9,4,-0.5936297178268433,-0.6493255496025085
15,9,5,-0.03237662464380264,20611.90625
15,9,6,-0.005243008024990559,-213281.28125
16,0,0,0.11563580483198166,0.11563580483198166
16,0,1,0.023732321336865425,0.023732321336865425
16,0,2,-3.028496265411377,-3.028496265411377
16,0,3,-0.11104453355073929,-0.11104453355073929
16,0,4,-0.6571980714797974,-0.6571980714797974
16,0,5,0.003733663819730282,0.003733663819730282
16,0,6,-0.000937583448830992,-0.000937583448830992
16,1,0,0.10925240814685822,0.10468250513076782
16,1,1,0.023023875430226326,0.0568634569644928
16,1,2,-3.0289270877838135,-3.0285120010375977
16,1,3,-0.11536853760480881,-0.13742126524448395
16,1,4,-0.6436632871627808,-0.6694294810295105
16,1,5,0.012828417122364044,0.2248777151107788
16,1,6,-0.0009971527615562081,-1.066598653793335
16,2,0,0.1028321161866188,0.09352535009384155
16,2,1,0.022346053272485733,0.08814404904842377
16,2,2,-3.030322790145874,-3.0462887287139893
16,2,3,-0.10124953091144562,-0.14410272240638733
16,2,4,-0.6305007934570312,-0.669792115688324
16,2,5,-0.009945391677320004,1.318235158920288
16,2,6,-0.003768153488636017,-6.343260765075684
16,3,0,0.09636484831571579,0.08236214518547058
16,3,1,0.021655166521668434,0.10743466019630432
16,3,2,-3.0309715270996094,3.1311757564544678
16,3,3,-0.10846135020256042,-0.12240398675203323
16,3,4,-0.6186791658401489,-0.6699860095977783
16,3,5,-0.004546911455690861,6.5146074295043945
16,3,6,-0.001622973126359284,-31.273117065429688
16,4,0,0.08988355845212936,0.07119571417570114
16,4,1,0.02100449800491333,-0.0002743452787399292
16,4,2,-3.0328664779663086,2.609956979751587
16,4,3,-0.11221645027399063,-0.13352921605110168
16,4,4,-0.6146021485328674,-0.6567311882972717
16,4,5,-0.035042498260736465,31.106735229492188
16,4,6,-0.005201925989240408,-148.52255249023438
16,5,0,0.08338207751512527,0.06025019288063049
16,5,1,0.020344847813248634,-0.3693211078643799
16,5,2,-3.0338220596313477,0.1345810890197754
16,5,3,-0.10721449553966522,-0.13933522999286652
16,5,4,-0.6067686080932617,-0.6541330218315125
16,5,5,-0.02699504792690277,149.99658203125
16,5,6,-0.002504188334569335,-712.2081298828125
16,6,0,0.07685978710651398,0.049347974359989166
16,6,1,0.01969887502491474,-2.0060837268829346
16,6,2,-3.035242795944214,0.8308155536651611
16,6,3,-0.1049724891781807,-0.13166585564613342
16,6,4,-0.6019539833068848,-0.6514226198196411
16,6,5,-0.03398718312382698,724.5007934570312
16,6,6,-0.0038400476332753897,-3421.16162109375
16,7,0,0.07031873613595963,0.03849092870950699
16,7,1,0.019029833376407623,-9.881040573120117
16,7,2,-3.035651922225952,0.360121488571167
16,7,3,-0.10243839770555496,-0.12824350595474243
16,7,4,-0.5959895849227905,-0.6260302066802979
16,7,5,-0.0030333437025547028,3509.3955078125
16,7,6,-0.0009348446037620306,-16482.859375
16,8,0,0.06377170979976654,0.028057090938091278
16,8,1,0.018401827663183212,-46.501258850097656
16,8,2,-3.0375611782073975,2.105952501296997
16,8,3,-0.11635027825832367,-0.12437169253826141
16,8,4,-0.5936297178268433,-0.6049304008483887
16,8,5,-0.03237662464380264,17532.5703125
16,8,6,-0.005243008024990559,-81960.40625
16,9,0,0.057213764637708664,0.017974916845560074
16,9,1,0.017745444551110268,-223.28890991210938
16,9,2,-3.037899971008301,-0.44962048530578613
16,9,3,-0.11074988543987274,-0.14580701291561127
16,9,4,-0.595155656337738,-0.6210852265357971
16,9,5,-0.0014503709971904755,89979.125
16,9,6,-0.0007328566280193627,-418896.21875
17,0,0,0.10925240814685822,0.10925240814685822
17,0,1,0.023023875430226326,0.023023875430226326
17,0,2,-3.0289270877838135,-3.0289270877838135
17,0,3,-0.11536853760480881,-0.11536853760480881
17,0,4,-0.6436632871627808,-0.6436632871627808
17,0,5,0.012828417122364044,0.012828417122364044
17,0,6,-0.0009971527615562081,-0.0009971527615562081
17,1,0,0.1028321161866188,0.09852468967437744
17,1,1,0.022346053272485733,0.05537974089384079
17,1,2,-3.030322790145874,-3.0289437770843506
17,1,3,-0.10124953091144562,-0.12204998731613159
17,1,4,-0.6305007934570312,-0.6440259218215942
17,1,5,-0.009945391677320004,0.28151407837867737
17,1,6,-0.003768153488636017,-1.1083210706710815
17,2,0,0.09636484831571579,0.08779092133045197
17,2,1,0.021655166521668434,0.08487001061439514
17,2,2,-3.0309715270996094,-3.0474157333374023
17,2,3,-0.10846135020256042,-0.1003512516617775
17,2,4,-0.6186791658401489,-0.6442198157310486
17,2,5,-0.004546911455690861,1.6044009923934937
17,2,6,-0.001622973126359284,-6.555358409881592
17,3,0,0.08988355845212936,0.07705392688512802
17,3,1,0.02100449800491333,0.10036365687847137
17,3,2,-3.0328664779663086,3.126513719558716
17,3,3,-0.11221645027399063,-0.11147648841142654
17,3,4,-0.6146021485328674,-0.630964994430542
17,3,5,-0.035042498260736465,8.0125150680542
17,3,6,-0.005201925989240408,-32.820369720458984
17,4,0,0.08338207751512527,0.06653784215450287
17,4,1,0.020344847813248634,-0.016775302588939667
17,4,2,-3.0338220596313477,2.57950758934021
17,4,3,-0.10721449553966522,-0.11728250235319138
17,4,4,-0.6067686080932617,-0.6283668279647827
17,4,5,-0.02699504792690277,39.9200439453125
17,4,6,-0.002504188334569335,-163.2421875
17,5,0,0.07685978710651398,0.05606506019830704
17,5,1,0.01969887502491474,-0.46186378598213196
17,5,2,-3.035242795944214,-0.14119577407836914
17,5,3,-0.1049724891781807,-0.10961312055587769
17,5,4,-0.6019539833068848,-0.6256564259529114
17,5,5,-0.03398718312382698,198.6765594482422
17,5,6,-0.0038400476332753897,-810.4139404296875
17,6,0,0.07031873613595963,0.045637451112270355
17,6,1,0.019029833376407623,-2.5321125984191895
17,6,2,-3.035651922225952,-1.0817248821258545
17,6,3,-0.10243839770555496,-0.1061907634139061
17,6,4,-0.5959895849227905,-0.6002640128135681
17,6,5,-0.0030333437025547028,991.187255859375
17,6,6,-0.0009348446037620306,-4032.66455078125
17,7,0,0.06377170979976654,0.03563304990530014
17,7,1,0.018401827663183212,-12.437524795532227
17,7,2,-3.0375611782073975,0.8222329616546631
17,7,3,-0.11635027825832367,-0.10231894999742508
17,7,4,-0.5936297178268433,-0.5791642069816589
17,7,5,-0.03237662464380264,5108.3115234375
17,7,6,-0.005243008024990559,-20740.61328125
17,8,0,0.057213764637708664,0.025980312377214432
17,8,1,0.017745444551110268,-61.75464630126953
17,8,2,-3.037899971008301,0.7205350399017334
17,8,3,-0.11074988543987274,-0.12375427037477493
17,8,4,-0.595155656337738,-0.5953190326690674
17,8,5,-0.0014503709971904755,27085.61328125
17,8,6,-0.0007328566280193627,-109798.34375
17,9,0,0.05065623298287392,0.01605832763016224
17,9,1,0.01713111810386181,-330.50482177734375
17,9,2,-3.039830446243286,-0.8449690341949463
17,9,3,-0.12146499007940292,-0.11516401171684265
17,9,4,-0.5904815196990967,-0.600641131401062
17,9,5,-0.030918221920728683,140498.828125
17,9,6,-0.005303946789354086,-568461.75
18,0,0,0.1028321161866188,0.1028321161866188
18,0,1,0.022346053272485733,0.022346053272485733
18,0,2,-3.030322790145874,-3.030322790145874
18,0,3,-0.10124953091144562,-0.10124953091144562
18,0,4,-0.6305007934570312,-0.6305007934570312
18,0,5,-0.009945391677320004,-0.009945391677320004
18,0,6,-0.003768153488636017,-0.003768153488636017
18,1,0,0.09636484831571579,0.09232376515865326
18,1,1,0.021655166521668434,0.054294247180223465
18,1,2,-3.0309715270996094,-3.0303854942321777
18,1,3,-0.10846135020256042,-0.07955079525709152
18,1,4,-0.6186791658401489,-0.6306946873664856
18,1,5,-0.004546911455690861,0.14835062623023987
18,1,6,-0.001622973126359284,-0.9870570302009583
18,2,0,0.08988355845212936,0.08181218802928925
18,2,1,0.02100449800491333,0.08458898216485977
18,2,2,-3.0328664779663086,-3.0468363761901855
18,2,3,-0.11221645027399063,-0.09067603200674057
18,2,4,-0.6146021485328674,-0.617439866065979
18,2,5,-0.035042498260736465,0.8963426351547241
18,2,6,-0.005201925989240408,-5.639915943145752
18,3,0,0.08338207751512527,0.07152152061462402
18,3,1,0.020344847813248634,0.1067189872264862
18,3,2,-3.0338220596313477,-3.1408350467681885
18,3,3,-0.10721449553966522,-0.0964820459485054
18,3,4,-0.6067686080932617,-0.6148416996002197
18,3,5,-0.02699504792690277,4.730741500854492
18,3,6,-0.002504188334569335,-29.222850799560547
18,4,0,0.07685978710651398,0.06127415969967842
18,4,1,0.01969887502491474,0.09042663872241974
18,4,2,-3.035242795944214,2.6553032398223877
18,4,3,-0.1049724891781807,-0.08881266415119171
18,4,4,-0.6019539833068848,-0.6121312975883484
18,4,5,-0.03398718312382698,24.280349731445312
18,4,6,-0.0038400476332753897,-148.34263610839844
18,5,0,0.07031873613595963,0.05107197165489197
18,5,1,0.019029833376407623,-0.18437598645687103
18,5,2,-3.035651922225952,0.18292593955993652
18,5,3,-0.10243839770555496,-0.08539030700922012
18,5,4,-0.5959895849227905,-0.5867388844490051
18,5,5,-0.0030333437025547028,124.20972442626953
18,5,6,-0.0009348446037620306,-751.8466186523438
18,6,0,0.06377170979976654,0.04129298776388168
18,6,1,0.018401827663183212,-1.400809407234192
18,6,2,-3.0375611782073975,0.2185194492340088
18,6,3,-0.11635027825832367,-0.0815184935927391
18,6,4,-0.5936297178268433,-0.565639078617096
18,6,5,-0.03237662464380264,656.1011352539062
18,6,6,-0.005243008024990559,-3939.291748046875
18,7,0,0.057213764637708664,0.031865671277046204
18,7,1,0.017745444551110268,-7.588143825531006
18,7,2,-3.037899971008301,-2.604491949081421
18,7,3,-0.11074988543987274,-0.10295381397008896
18,7,4,-0.595155656337738,-0.5817939043045044
18,7,5,-0.0014503709971904755,3566.658447265625
18,7,6,-0.0007328566280193627,-21259.1875
18,8,0,0.05065623298287392,0.02216910570859909
18,8,1,0.01713111810386181,-42.14722442626953
18,8,2,-3.039830446243286,1.2172648906707764
18,8,3,-0.12146499007940292,-0.09436355531215668
18,8,4,-0.5904815196990967,-0.587116003036499
18,8,5,-0.030918221920728683,18956.126953125
18,8,6,-0.005303946789354086,-112131.0078125
18,9,0,0.044072940945625305,0.012383838184177876
18,9,1,0.016488615423440933,-227.64990234375
18,9,2,-3.0402233600616455,-1.5268375873565674
18,9,3,-0.13567999005317688,-0.11087965965270996
18,9,4,-0.5882816910743713,-0.5823643803596497
18,9,5,-0.0002553556114435196,100008.6796875
18,9,6,-0.0008882847032509744,-587082.8125
19,0,0,0.09636484831571579,0.09636484831571579
19,0,1,0.021655166521668434,0.021655166521668434
19,0,2,-3.0309715270996094,-3.0309715270996094
19,0,3,-0.10846135020256042,-0.10846135020256042
19,0,4,-0.6186791658401489,-0.6186791658401489
19,0,5,-0.004546911455690861,-0.004546911455690861
19,0,6,-0.001622973126359284,-0.001622973126359284
19,1,0,0.08988355845212936,0.0860535278916359
19,1,1,0.02100449800491333,0.05295536667108536
19,1,2,-3.0328664779663086,-3.030998468399048
19,1,3,-0.11221645027399063,-0.11958658695220947
19,1,4,-0.6146021485328674,-0.6054243445396423
19,1,5,-0.035042498260736465,0.19243109226226807
19,1,6,-0.005201925989240408,-1.045552372932434
19,2,0,0.08338207751512527,0.07596312463283539
19,2,1,0.020344847813248634,0.08159766346216202
19,2,2,-3.0338220596313477,-3.048424243927002
19,2,3,-0.10721449553966522,-0.1253926008939743
19,2,4,-0.6067686080932617,-0.6028261780738831
19,2,5,-0.02699504792690277,1.231587290763855
19,2,6,-0.002504188334569335,-6.484068870544434
19,3,0,0.07685978710651398,0.0659160241484642
19,3,1,0.01969887502491474,0.09985160827636719
19,3,2,-3.035242795944214,3.1266934871673584
19,3,3,-0.1049724891781807,-0.11772322654724121
19,3,4,-0.6019539833068848,-0.6001157760620117
19,3,5,-0.03398718312382698,6.6052374839782715
19,3,6,-0.0038400476332753897,-34.43210983276367
19,4,0,0.07031873613595963,0.05591409280896187
19,4,1,0.019029833376407623,0.002513512969017029
19,4,2,-3.035651922225952,2.5528252124786377
19,4,3,-0.10243839770555496,-0.11430086940526962
19,4,4,-0.5959895849227905,-0.5747233629226685
19,4,5,-0.0030333437025547028,34.41335678100586
19,4,6,-0.0009348446037620306,-178.24217224121094
19,5,0,0.06377170979976654,0.046335369348526
19,5,1,0.018401827663183212,-0.3515753149986267
19,5,2,-3.0375611782073975,-0.4178779125213623
19,5,3,-0.11635027825832367,-0.1104290559887886
19,5,4,-0.5936297178268433,-0.5536235570907593
19,5,5,-0.03237662464380264,184.47906494140625
19,5,6,-0.005243008024990559,-950.591552734375
19,6,0,0.057213764637708664,0.03710830956697464
19,6,1,0.017745444551110268,-2.0499188899993896
19,6,2,-3.037899971008301,2.588486433029175
19,6,3,-0.11074988543987274,-0.13186438381671906
19,6,4,-0.595155656337738,-0.5697783827781677
19,6,5,-0.0014503709971904755,1017.791748046875
19,6,6,-0.0007328566280193627,-5221.6328125
19,7,0,0.05065623298287392,0.027612002566456795
19,7,1,0.01713111810386181,-11.739763259887695
19,7,2,-3.039830446243286,-2.7573235034942627
19,7,3,-0.12146499007940292,-0.12327412515878677
19,7,4,-0.5904815196990967,-0.5751004815101624
19,7,5,-0.030918221920728683,5485.9892578125
19,7,6,-0.005303946789354086,-28013.05078125
19,8,0,0.044072940945625305,0.018026992678642273
19,8,1,0.016488615423440933,-64.29659271240234
19,8,2,-3.0402233600616455,1.597379446029663
19,8,3,-0.13567999005317688,-0.13979022204875946
19,8,4,-0.5882816910743713,-0.570348858833313
19,8,5,-0.0002553556114435196,29347.984375
19,8,6,-0.0008882847032509744,-149147.5625
19,9,0,0.03748655319213867,0.008521177805960178
19,9,1,0.015886539593338966,-343.28826904296875
19,9,2,-3.042167901992798,-2.337038278579712
19,9,3,-0.11916186660528183,-0.16169199347496033
19,9,4,-0.584006130695343,-0.5419850945472717
19,9,5,-0.028037015348672867,158030.40625
19,9,6,-0.005344344303011894,-799462.0625
